A,"99,61",3,4,"100,67","100,67",0,0,0,0,0,0,0,0,0,0,0,0,0,0,0,0,1,"1,2",138,"13,8",0,0,0,0,0,0,0,0,0,0,0,0,0,0,0,0,0,0,0,0,0,0,0,0,0,0,0,0,0,0,0,0,0,0,0,0,0,0,0,0,0,0,0,0,0,0,0,0,2,5,109,"90,8333333333333",2,1,315,"52,5",0,0,0,0,0,0,0,0,2,1,389,"64,8333333333333",0,0,0,0,0,0,0,0,1,72,69,0,30,1,0,0,12,1508,1508,3,703,"175,75",0,0,0,3,213,"53,25"
A 010,105,3,4,"100,67","100,67",0,0,0,0,0,0,0,0,0,0,0,0,0,0,0,0,1,"1,2",138,"13,8",0,0,0,0,0,0,0,0,0,0,0,0,0,0,0,0,0,0,0,0,0,0,0,0,0,0,0,0,0,0,0,0,0,0,0,0,0,0,0,0,0,0,0,0,0,0,0,0,2,5,109,"90,8333333333333",2,0,0,0,0,0,0,0,0,0,0,0,0,0,0,0,0,0,0,0,0,0,0,0,1,0,69,0,0,5,0,0,3,0,0,3,,0,4,0,0,3,,0
A 016,110,4,4,"100,67","134,226666666667",0,0,0,0,0,0,0,0,0,0,0,0,0,0,0,0,1,"1,2",138,"13,8",0,0,0,0,0,0,0,0,0,0,0,0,0,0,0,0,0,0,0,0,0,0,0,0,0,0,0,0,0,0,0,0,0,0,0,0,2,2,100,"33,3333333333333",0,0,0,0,0,0,0,0,1,5,109,"45,4166666666667",1,1,315,"26,25",0,0,0,0,0,0,0,0,1,1,389,"32,4166666666667",0,0,0,0,0,0,0,0,1,72,69,414,0,0,0,0,12,1121,1121,4,402,134,0,0,0,4,174,58
EA 111,300,4,"16,5","100,67","553,685",0,0,0,0,0,0,0,0,2,9,123,"184,5",0,0,0,0,0,0,0,0,0,0,0,0,0,"5,2",0,0,0,0,0,0,0,0,0,0,0,0,0,0,0,0,0,0,0,0,0,0,0,0,0,0,0,0,0,0,0,0,0,0,2,14,164,"382,666666666667",0,0,0,0,2,"26,6",109,"483,233333333333",2,"3,5",315,"183,75",0,0,0,0,0,0,0,0,2,1,389,"64,8333333333333",0,0,0,0,0,0,0,0,1,75,69,"431,25",30,1,65,"162,5",12,1560,1560,4,402,134,4,140,"46,6666666666667",4,237,79
EA 123,173,4,"16,4","100,67","550,329333333333",0,0,0,0,0,0,0,0,2,14,123,287,0,0,0,0,0,0,0,0,0,0,0,0,0,"5,5",0,0,0,0,0,0,0,0,0,0,0,0,0,0,0,0,0,0,0,0,0,0,0,0,0,0,0,0,0,0,0,0,0,0,2,18,164,492,0,0,0,0,2,27,109,"490,5",2,"3,7",315,"194,25",0,0,0,0,0,0,0,0,2,1,389,"64,8333333333333",0,0,0,0,0,0,0,0,1,75,69,"431,25",30,1,0,5,12,3792,3792,12,825,825,10,140,"116,666666666667",4,595,"198,333333333333"
EA 130,162,10,"16,4","100,67","1375,82333333333",0,0,0,0,0,0,0,0,2,9,123,"184,5",0,0,0,0,0,0,0,0,0,0,0,0,0,"5,2",0,0,0,0,0,0,0,0,0,0,0,0,0,0,0,0,0,0,0,0,0,0,0,0,0,0,0,0,0,0,0,0,0,0,2,14,164,"382,666666666667",0,0,0,0,2,"26,6",109,"483,233333333333",2,"3,5",315,"183,75",0,0,0,0,0,0,0,0,2,1,389,"64,8333333333333",0,0,0,0,0,0,0,0,1,38,69,"218,5",30,1,65,"162,5",12,1940,1940,12,975,975,5,140,"58,3333333333333",10,327,"272,5"
EA 131,150,5,5,"100,67","209,729166666667",0,0,0,0,0,0,0,0,2,6,123,123,0,0,0,0,0,0,0,0,0,0,0,0,0,"4,6",0,0,0,0,0,0,0,0,0,0,0,0,0,0,0,0,0,0,0,0,0,0,0,0,0,0,0,0,0,0,0,0,0,0,2,9,164,246,0,0,0,0,2,14,109,"254,333333333333",2,"2,5",315,"131,25",0,0,0,0,0,0,0,0,2,1,389,"64,8333333333333",0,0,0,0,0,0,0,0,1,38,69,"218,5",30,1,65,"162,5",12,1600,1600,12,1930,1930,5,140,"58,3333333333333",5,382,"159,166666666667"
EA 132,150,5,5,"100,67","209,729166666667",0,0,0,0,0,0,0,0,2,6,123,123,0,0,0,0,0,0,0,0,0,0,0,0,0,"4,6",0,0,0,0,0,0,0,0,0,0,0,0,0,0,0,0,0,0,0,0,0,0,0,0,0,0,0,0,0,0,0,0,0,0,2,9,164,246,0,0,0,0,2,14,109,"254,333333333333",2,"2,5",315,"131,25",0,0,0,0,0,0,0,0,2,1,389,"64,8333333333333",0,0,0,0,0,0,0,0,1,38,69,"218,5",30,1,65,"162,5",12,1600,1600,12,1930,1930,5,140,"58,3333333333333",5,382,"159,166666666667"
EA 133,150,5,5,"100,67","209,729166666667",0,0,0,0,0,0,0,0,2,6,123,123,0,0,0,0,0,0,0,0,0,0,0,0,0,"4,6",0,0,0,0,0,0,0,0,0,0,0,0,0,0,0,0,0,0,0,0,0,0,0,0,0,0,0,0,0,0,0,0,0,0,2,9,164,246,0,0,0,0,2,14,109,"254,333333333333",2,"2,5",315,"131,25",0,0,0,0,0,0,0,0,2,1,389,"64,8333333333333",0,0,0,0,0,0,0,0,1,55,69,"316,25",30,1,65,"162,5",12,1600,1600,12,1930,1930,5,140,"58,3333333333333",5,382,"159,166666666667"
EA 139,150,5,5,"100,67","209,729166666667",0,0,0,0,0,0,0,0,2,6,123,123,0,0,0,0,0,0,0,0,0,0,0,0,0,"4,6",0,0,0,0,0,0,0,0,0,0,0,0,0,0,0,0,0,0,0,0,0,0,0,0,0,0,0,0,0,0,0,0,0,0,2,9,164,246,0,0,0,0,2,14,109,"254,333333333333",2,"2,5",315,"131,25",0,0,0,0,0,0,0,0,2,1,389,"64,8333333333333",0,0,0,0,0,0,0,0,1,55,69,"316,25",30,1,65,"162,5",12,1600,1600,12,1930,1930,5,140,"58,3333333333333",5,382,"159,166666666667"
EA 140,150,5,5,"100,67","209,729166666667",0,0,0,0,0,0,0,0,2,6,123,123,0,0,0,0,0,0,0,0,0,0,0,0,0,"4,6",0,0,0,0,0,0,0,0,0,0,0,0,0,0,0,0,0,0,0,0,0,0,0,0,0,0,0,0,0,0,0,0,0,0,2,9,164,246,0,0,0,0,2,14,109,"254,333333333333",2,"2,5",315,"131,25",0,0,0,0,0,0,0,0,2,1,389,"64,8333333333333",0,0,0,0,0,0,0,0,1,55,69,"316,25",30,1,65,"162,5",12,1600,1600,12,1930,1930,5,140,"58,3333333333333",5,382,"159,166666666667"
EA 141,150,5,5,"100,67","209,729166666667",0,0,0,0,0,0,0,0,2,6,123,123,0,0,0,0,0,0,0,0,0,0,0,0,0,"4,6",0,0,0,0,0,0,0,0,0,0,0,0,0,0,0,0,0,0,0,0,0,0,0,0,0,0,0,0,0,0,0,0,0,0,2,9,164,246,0,0,0,0,2,14,109,"254,333333333333",2,"2,5",315,"131,25",0,0,0,0,0,0,0,0,2,1,389,"64,8333333333333",0,0,0,0,0,0,0,0,1,55,69,"316,25",30,1,65,"162,5",12,1600,1600,12,1930,1930,10,140,"116,666666666667",5,382,"159,166666666667"
EA 142,150,10,5,"100,67","419,458333333333",0,0,0,0,0,0,0,0,2,6,123,123,0,0,0,0,0,0,0,0,0,0,0,0,0,"4,6",0,0,0,0,0,0,0,0,0,0,0,0,0,0,0,0,0,0,0,0,0,0,0,0,0,0,0,0,0,0,0,0,0,0,2,9,164,246,0,0,0,0,2,14,109,"254,333333333333",2,"2,5",315,"131,25",0,0,0,0,0,0,0,0,2,1,389,"64,8333333333333",0,0,0,0,0,0,0,0,1,55,69,"316,25",30,1,65,"162,5",12,1600,1600,12,1930,1930,6,140,70,10,382,"318,333333333333"
EA 144,340,6,38,"100,67","1912,73",0,0,0,0,0,0,0,0,2,18,123,369,0,0,0,0,0,0,0,0,0,0,0,0,0,18,0,0,0,0,0,0,0,0,0,0,0,0,0,0,0,0,0,0,0,0,0,0,0,0,0,0,0,0,0,0,0,0,0,0,2,18,164,492,0,0,0,0,2,40,109,"726,666666666667",2,3,315,"157,5",0,0,0,0,0,0,0,0,2,1,389,"64,8333333333333",0,0,0,0,0,0,0,0,1,55,69,"316,25",30,1,65,"162,5",12,"11977,2","11977,2",12,3253,3253,6,2798,1399,6,967,"483,5"
EA 145,340,6,38,"100,67","1912,73",0,0,0,0,0,0,0,0,2,18,123,369,0,0,0,0,0,0,0,0,0,0,0,0,0,18,0,0,0,0,0,0,0,0,0,0,0,0,0,0,0,0,0,0,0,0,0,0,0,0,0,0,0,0,0,0,0,0,0,0,2,18,164,492,0,0,0,0,2,40,109,"726,666666666667",2,"3,5",315,"183,75",0,0,0,0,0,0,0,0,2,1,389,"64,8333333333333",0,0,0,0,0,0,0,0,1,76,69,437,30,1,65,"162,5",12,"11977,2","11977,2",12,3253,3253,6,2798,1399,6,967,"483,5"
EA 146,340,6,38,"100,67","1912,73",0,0,0,0,0,0,0,0,2,18,123,369,0,0,0,0,0,0,0,0,0,0,0,0,0,18,0,0,0,0,0,0,0,0,0,0,0,0,0,0,0,0,0,0,0,0,0,0,0,0,0,0,0,0,0,0,0,0,0,0,2,18,164,492,0,0,0,0,2,40,109,"726,666666666667",2,"3,5",315,"183,75",0,0,0,0,0,0,0,0,2,1,389,"64,8333333333333",0,0,0,0,0,0,0,0,1,76,69,437,30,1,65,"162,5",12,"11977,2","11977,2",12,3253,3253,6,2798,1399,6,967,"483,5"
EA 147,340,6,38,"100,67","1912,73",0,0,0,0,0,0,0,0,2,18,123,369,0,0,0,0,0,0,0,0,0,0,0,0,0,18,0,0,0,0,0,0,0,0,0,0,0,0,0,0,0,0,0,0,0,0,0,0,0,0,0,0,0,0,0,0,0,0,0,0,2,18,164,492,0,0,0,0,2,40,109,"726,666666666667",2,"3,5",315,"183,75",0,0,0,0,0,0,0,0,2,1,389,"64,8333333333333",0,0,0,0,0,0,0,0,1,89,69,"511,75",30,1,65,"162,5",12,"11977,2","11977,2",12,3253,3253,6,2798,1399,6,967,"483,5"
EA 148,340,6,38,"100,67","1912,73",0,0,0,0,0,0,0,0,2,18,123,369,0,0,0,0,0,0,0,0,0,0,0,0,0,18,0,0,0,0,0,0,0,0,0,0,0,0,0,0,0,0,0,0,0,0,0,0,0,0,0,0,0,0,0,0,0,0,0,0,2,18,164,492,0,0,0,0,2,40,109,"726,666666666667",2,"3,5",315,"183,75",0,0,0,0,0,0,0,0,2,1,389,"64,8333333333333",0,0,0,0,0,0,0,0,1,110,69,"632,5",30,1,65,"162,5",12,"11977,2","11977,2",12,3253,3253,10,2798,"2331,66666666667",6,967,"483,5"
EA 149,340,6,38,"100,67","1912,73",0,0,0,0,0,0,0,0,2,18,123,369,0,0,0,0,0,0,0,0,0,0,0,0,0,18,0,0,0,0,0,0,0,0,0,0,0,0,0,0,0,0,0,0,0,0,0,0,0,0,0,0,0,0,0,0,0,0,0,0,2,18,164,492,0,0,0,0,2,40,109,"726,666666666667",2,"3,5",315,"183,75",0,0,0,0,0,0,0,0,2,1,389,"64,8333333333333",0,0,0,0,0,0,0,0,1,110,69,"632,5",30,1,65,"162,5",12,"11977,2","11977,2",12,3253,3253,10,2798,"2331,66666666667",6,967,"483,5"
EA 150,170,10,"16,4","100,67","1375,82333333333",0,0,0,0,0,0,0,0,2,9,123,"184,5",0,0,0,0,0,0,0,0,0,0,0,0,0,"5,2",0,0,0,0,0,0,0,0,0,0,0,0,0,0,0,0,0,0,0,0,0,0,0,0,0,0,0,0,0,0,0,0,0,0,2,14,164,"382,666666666667",0,0,0,0,2,"26,6",109,"483,233333333333",2,"3,5",315,"183,75",0,0,0,0,0,0,0,0,2,1,389,"64,8333333333333",0,0,0,0,0,0,0,0,1,135,69,"776,25",30,1,65,"162,5",12,1940,1940,12,975,975,6,140,70,10,327,"272,5"
EA 151,340,6,27,"100,67","1359,045",0,0,0,0,0,0,0,0,2,18,123,369,0,0,0,0,0,0,0,0,0,0,0,0,0,18,0,0,0,0,0,0,0,0,0,0,0,0,0,0,0,0,0,0,0,0,0,0,0,0,0,0,0,0,0,0,0,0,0,0,2,18,164,492,0,0,0,0,2,40,109,"726,666666666667",2,"3,5",315,"183,75",0,0,0,0,0,0,0,0,2,1,389,"64,8333333333333",0,0,0,0,0,0,0,0,1,138,69,"793,5",30,1,65,"162,5",12,"4944,76","4944,76",12,"2109,75","2109,75",6,140,70,6,"567,11","283,555"
EA 152,340,6,27,"100,67","1359,045",0,0,0,0,0,0,0,0,2,18,123,369,0,0,0,0,0,0,0,0,0,0,0,0,0,18,0,0,0,0,0,0,0,0,0,0,0,0,0,0,0,0,0,0,0,0,0,0,0,0,0,0,0,0,0,0,0,0,0,0,2,18,164,492,0,0,0,0,2,40,109,"726,666666666667",2,"3,5",315,"183,75",0,0,0,0,0,0,0,0,2,1,389,"64,8333333333333",0,0,0,0,0,0,0,0,1,138,69,"793,5",30,1,65,"162,5",12,"4944,76","4944,76",12,"2109,75","2109,75",6,140,70,6,"567,11","283,555"
EA 153,340,6,27,"100,67","1359,045",0,0,0,0,0,0,0,0,2,18,123,369,0,0,0,0,0,0,0,0,0,0,0,0,0,18,0,0,0,0,0,0,0,0,0,0,0,0,0,0,0,0,0,0,0,0,0,0,0,0,0,0,0,0,0,0,0,0,0,0,2,18,164,492,0,0,0,0,2,40,109,"726,666666666667",2,"3,5",315,"183,75",0,0,0,0,0,0,0,0,2,1,389,"64,8333333333333",0,0,0,0,0,0,0,0,1,138,69,"793,5",30,1,65,"162,5",12,"4944,76","4944,76",12,"2109,75","2109,75",6,140,70,6,"567,11","283,555"
EA 154,340,6,27,"100,67","1359,045",0,0,0,0,0,0,0,0,2,18,123,369,0,0,0,0,0,0,0,0,0,0,0,0,0,18,0,0,0,0,0,0,0,0,0,0,0,0,0,0,0,0,0,0,0,0,0,0,0,0,0,0,0,0,0,0,0,0,0,0,2,18,164,492,0,0,0,0,2,40,109,"726,666666666667",2,"3,5",315,"183,75",0,0,0,0,0,0,0,0,2,1,389,"64,8333333333333",0,0,0,0,0,0,0,0,1,138,69,"793,5",30,1,65,"162,5",12,"4944,76","4944,76",12,"2109,75","2109,75",6,140,70,6,"567,11","283,555"
EA 155,340,6,27,"100,67","1359,045",0,0,0,0,0,0,0,0,2,18,123,369,0,0,0,0,0,0,0,0,0,0,0,0,0,18,0,0,0,0,0,0,0,0,0,0,0,0,0,0,0,0,0,0,0,0,0,0,0,0,0,0,0,0,0,0,0,0,0,0,2,18,164,492,0,0,0,0,2,40,109,"726,666666666667",2,"3,5",315,"183,75",0,0,0,0,0,0,0,0,2,1,389,"64,8333333333333",0,0,0,0,0,0,0,0,1,138,69,"793,5",30,1,65,"162,5",12,"4944,76","4944,76",12,"2109,75","2109,75",6,140,70,6,"567,11","283,555"
EA 156,305,6,29,"100,67","1459,715",0,0,0,0,0,0,0,0,2,18,123,369,0,0,0,0,0,0,0,0,0,0,0,0,0,15,0,0,0,0,0,0,0,0,0,0,0,0,0,0,0,0,0,0,0,0,0,0,0,0,0,0,0,0,0,0,0,0,0,0,2,18,164,492,0,0,0,0,2,37,109,"672,166666666667",2,"3,8",315,"199,5",0,0,0,0,0,0,0,0,2,1,389,"64,8333333333333",0,0,0,0,0,0,0,0,1,40,69,230,30,1,65,"162,5",12,"7639,71","7639,71",12,"806,95","806,95",6,140,70,6,"730,75","365,375"
EA 157,305,6,29,"100,67","1459,715",0,0,0,0,0,0,0,0,2,18,123,369,0,0,0,0,0,0,0,0,0,0,0,0,0,15,0,0,0,0,0,0,0,0,0,0,0,0,0,0,0,0,0,0,0,0,0,0,0,0,0,0,0,0,0,0,0,0,0,0,2,18,164,492,0,0,0,0,2,37,109,"672,166666666667",2,"3,8",315,"199,5",0,0,0,0,0,0,0,0,2,1,389,"64,8333333333333",0,0,0,0,0,0,0,0,1,40,69,230,30,1,65,"162,5",12,"7639,71","7639,71",12,"806,95","806,95",6,140,70,6,"730,75","365,375"
EA 158,305,6,29,"100,67","1459,715",0,0,0,0,0,0,0,0,2,18,123,369,0,0,0,0,0,0,0,0,0,0,0,0,0,15,0,0,0,0,0,0,0,0,0,0,0,0,0,0,0,0,0,0,0,0,0,0,0,0,0,0,0,0,0,0,0,0,0,0,2,18,164,492,0,0,0,0,2,37,109,"672,166666666667",2,"3,8",315,"199,5",0,0,0,0,0,0,0,0,2,1,389,"64,8333333333333",0,0,0,0,0,0,0,0,1,40,69,230,30,1,65,"162,5",12,"7639,71","7639,71",12,"806,95","806,95",6,140,70,6,"730,75","365,375"
EA 159,305,6,29,"100,67","1459,715",0,0,0,0,0,0,0,0,2,18,123,369,0,0,0,0,0,0,0,0,0,0,0,0,0,15,0,0,0,0,0,0,0,0,0,0,0,0,0,0,0,0,0,0,0,0,0,0,0,0,0,0,0,0,0,0,0,0,0,0,2,18,164,492,0,0,0,0,2,37,109,"672,166666666667",2,"3,8",315,"199,5",0,0,0,0,0,0,0,0,2,1,389,"64,8333333333333",0,0,0,0,0,0,0,0,1,40,69,230,30,1,65,"162,5",12,"7639,71","7639,71",12,"806,95","806,95",6,140,70,6,"730,75","365,375"
EA 160,305,6,29,"100,67","1459,715",0,0,0,0,0,0,0,0,2,18,123,369,0,0,0,0,0,0,0,0,0,0,0,0,0,15,0,0,0,0,0,0,0,0,0,0,0,0,0,0,0,0,0,0,0,0,0,0,0,0,0,0,0,0,0,0,0,0,0,0,2,18,164,492,0,0,0,0,2,37,109,"672,166666666667",2,"3,8",315,"199,5",0,0,0,0,0,0,0,0,2,1,389,"64,8333333333333",0,0,0,0,0,0,0,0,1,40,69,230,30,1,65,"162,5",12,"7639,71","7639,71",12,"806,95","806,95",6,140,70,6,"730,75","365,375"
EA 161,305,6,29,"100,67","1459,715",0,0,0,0,0,0,0,0,2,18,123,369,0,0,0,0,0,0,0,0,0,0,0,0,0,15,0,0,0,0,0,0,0,0,0,0,0,0,0,0,0,0,0,0,0,0,0,0,0,0,0,0,0,0,0,0,0,0,0,0,2,18,164,492,0,0,0,0,2,37,109,"672,166666666667",2,"3,8",315,"199,5",0,0,0,0,0,0,0,0,2,1,389,"64,8333333333333",0,0,0,0,0,0,0,0,1,40,69,230,30,1,65,"162,5",12,"7639,71","7639,71",12,"806,95","806,95",6,140,70,6,"730,75","365,375"
EA 162,305,6,29,"100,67","1459,715",0,0,0,0,0,0,0,0,2,18,123,369,0,0,0,0,0,0,0,0,0,0,0,0,0,15,0,0,0,0,0,0,0,0,0,0,0,0,0,0,0,0,0,0,0,0,0,0,0,0,0,0,0,0,0,0,0,0,0,0,2,18,164,492,0,0,0,0,2,37,109,"672,166666666667",2,"3,8",315,"199,5",0,0,0,0,0,0,0,0,2,1,389,"64,8333333333333",0,0,0,0,0,0,0,0,1,40,69,230,30,1,65,"162,5",12,"7639,71","7639,71",12,"806,95","806,95",6,140,70,6,"730,75","365,375"
EA 163,305,6,29,"100,67","1459,715",0,0,0,0,0,0,0,0,2,18,123,369,0,0,0,0,0,0,0,0,0,0,0,0,0,15,0,0,0,0,0,0,0,0,0,0,0,0,0,0,0,0,0,0,0,0,0,0,0,0,0,0,0,0,0,0,0,0,0,0,2,18,164,492,0,0,0,0,2,37,109,"672,166666666667",2,"3,8",315,"199,5",0,0,0,0,0,0,0,0,2,1,389,"64,8333333333333",0,0,0,0,0,0,0,0,1,40,69,230,30,1,65,"162,5",12,"7639,71","7639,71",12,"806,95","806,95",6,140,70,6,"730,75","365,375"
EA 164,305,6,29,"100,67","1459,715",0,0,0,0,0,0,0,0,2,18,123,369,0,0,0,0,0,0,0,0,0,0,0,0,0,15,0,0,0,0,0,0,0,0,0,0,0,0,0,0,0,0,0,0,0,0,0,0,0,0,0,0,0,0,0,0,0,0,0,0,2,18,164,492,0,0,0,0,2,37,109,"672,166666666667",2,"3,8",315,"199,5",0,0,0,0,0,0,0,0,2,1,389,"64,8333333333333",0,0,0,0,0,0,0,0,1,40,69,230,30,1,65,"162,5",12,"7639,71","7639,71",12,"806,95","806,95",6,140,70,6,"730,75","365,375"
EA 165,305,6,29,"100,67","1459,715",0,0,0,0,0,0,0,0,2,18,123,369,0,0,0,0,0,0,0,0,0,0,0,0,0,15,0,0,0,0,0,0,0,0,0,0,0,0,0,0,0,0,0,0,0,0,0,0,0,0,0,0,0,0,0,0,0,0,0,0,2,18,164,492,0,0,0,0,2,37,109,"672,166666666667",2,"3,8",315,"199,5",0,0,0,0,0,0,0,0,2,1,389,"64,8333333333333",0,0,0,0,0,0,0,0,1,40,69,230,30,1,65,"162,5",12,"7639,71","7639,71",12,"806,95","806,95",6,140,70,6,"730,75","365,375"
EA 168,420,10,38,"100,67","3187,88333333333",0,0,0,0,0,0,0,0,2,18,123,369,0,0,0,0,0,0,0,0,0,0,0,0,0,18,0,0,0,0,0,0,0,0,0,0,0,0,0,0,0,0,0,0,0,0,0,0,0,0,0,0,0,0,0,0,0,0,0,0,2,18,164,492,0,0,0,0,2,40,109,"726,666666666667",2,"3,5",315,"183,75",0,0,0,0,0,0,0,0,2,1,389,"64,8333333333333",0,0,0,0,0,0,0,0,1,40,69,230,30,1,65,"162,5",12,"11977,2","11977,2",12,3253,3253,6,2798,1399,10,967,"805,833333333333"
EA 169,117,6,16,"100,67","805,36",0,0,0,0,0,0,0,0,2,14,123,287,0,0,0,0,0,0,0,0,0,0,0,0,0,18,0,0,0,0,0,0,0,0,0,0,0,0,0,0,0,0,0,0,0,0,0,0,0,0,0,0,0,0,0,0,0,0,0,0,2,14,164,"382,666666666667",0,0,0,0,2,37,109,"672,166666666667",2,"3,5",315,"183,75",0,0,0,0,0,0,0,0,2,1,389,"64,8333333333333",0,0,0,0,0,0,0,0,1,40,69,230,30,1,65,"162,5",12,"6346,23","6346,23",12,"806,95","806,95",10,140,"116,666666666667",6,"577,8","288,9"
EA 170,117,10,16,"100,67","1342,26666666667",0,0,0,0,0,0,0,0,2,14,123,287,0,0,0,0,0,0,0,0,0,0,0,0,0,18,0,0,0,0,0,0,0,0,0,0,0,0,0,0,0,0,0,0,0,0,0,0,0,0,0,0,0,0,0,0,0,0,0,0,2,14,164,"382,666666666667",0,0,0,0,2,37,109,"672,166666666667",2,"3,5",315,"183,75",0,0,0,0,0,0,0,0,2,1,389,"64,8333333333333",0,0,0,0,0,0,0,0,1,40,69,230,30,1,65,"162,5",12,"6343,26","6343,26",12,"806,95","806,95",0,140,0,10,"577,8","481,5"
EA 200,0,0,0,"73,61",0,0,0,,0,0,0,,0,0,0,,0,0,0,,0,0,0,,0,0,0,,0,,0,,0,,0,,0,,,,0,,,,0,,,,0,,,,0,,,,,,,,0,,,,0,,,,0,,,,0,,,,0,,,,0,,,,0,,,,0,,,,0,,,,0,,,,0,,,,,,,,0,0,,0,0,,0,0,,0,0,,0
EA 201,0,0,0,"73,61",0,0,0,,0,0,0,,0,0,0,,0,0,0,,0,0,0,,0,0,0,,0,,0,,0,,0,,0,,,,0,,,,0,,,,0,,,,0,,,,,,,,0,,,,0,,,,0,,,,0,,,,0,,,,0,,,,0,,,,0,,,,0,,,,0,,,,0,,,,,,,,0,0,,0,0,,0,0,,0,0,,0
EA 202,0,0,0,"73,61",0,0,0,,0,0,0,,0,0,0,,0,0,0,,0,0,0,,0,0,0,,0,,0,,0,,0,,0,,,,0,,,,0,,,,0,,,,0,,,,,,,,0,,,,0,,,,0,,,,0,,,,0,,,,0,,,,0,,,,0,,,,0,,,,0,,,,0,,,,,,,,0,0,,0,0,,0,0,,0,0,,0
EA 203,0,0,0,"73,61",0,0,0,,0,0,0,,0,0,0,,0,0,0,,0,0,0,,0,0,0,,0,,0,,0,,0,,0,,,,0,,,,0,,,,0,,,,0,,,,,,,,0,,,,0,,,,0,,,,0,,,,0,,,,0,,,,0,,,,0,,,,0,,,,0,,,,0,,,,,,,,0,0,,0,0,,0,0,,0,0,,0
EA 204,0,0,0,"73,61",0,0,0,,0,0,0,,0,0,0,,0,0,0,,0,0,0,,0,0,0,,0,,0,,0,,0,,0,,,,0,,,,0,,,,0,,,,0,,,,,,,,0,,,,0,,,,0,,,,0,,,,0,,,,0,,,,0,,,,0,,,,0,,,,0,,,,0,,,,,,,,0,0,,0,0,,0,0,,0,0,,0
EA 205,0,0,0,"73,61",0,0,0,,0,0,0,,0,0,0,,0,0,0,,0,0,0,,0,0,0,,0,,0,,0,,0,,0,,,,0,,,,0,,,,0,,,,0,,,,,,,,0,,,,0,,,,0,,,,0,,,,0,,,,0,,,,0,,,,0,,,,0,,,,0,,,,0,,,,,,,,0,0,,0,0,,0,0,,0,0,,0
EA 206,0,0,0,"73,61",0,0,0,,0,0,0,,0,0,0,,0,0,0,,0,0,0,,0,0,0,,0,,0,,0,,0,,0,,,,0,,,,0,,,,0,,,,0,,,,,,,,0,,,,0,,,,0,,,,0,,,,0,,,,0,,,,0,,,,0,,,,0,,,,0,,,,0,,,,,,,,0,0,,0,0,,0,0,,0,0,,0
EA 207,0,0,0,"73,61",0,0,0,,0,0,0,,0,0,0,,0,0,0,,0,0,0,,0,0,0,,0,,0,,0,,0,,0,,,,0,,,,0,,,,0,,,,0,,,,,,,,0,,,,0,,,,0,,,,0,,,,0,,,,0,,,,0,,,,0,,,,0,,,,0,,,,0,,,,,,,,0,0,,0,0,,0,0,,0,0,,0
EA 208,0,0,0,"73,61",0,0,0,,0,0,0,,0,0,0,,0,0,0,,0,0,0,,0,0,0,,0,,0,,0,,0,,0,,,,0,,,,0,,,,0,,,,0,,,,,,,,0,,,,0,,,,0,,,,0,,,,0,,,,0,,,,0,,,,0,,,,0,,,,0,,,,0,,,,,,,,0,0,,0,0,,0,0,,0,0,,0
EA 209,0,0,0,"73,61",0,0,0,,0,0,0,,0,0,0,,0,0,0,,0,0,0,,0,0,0,,0,,0,,0,,0,,0,,,,0,,,,0,,,,0,,,,0,,,,,,,,0,,,,0,,,,0,,,,0,,,,0,,,,0,,,,0,,,,0,,,,0,,,,0,,,,0,,,,,,,,0,0,,0,0,,0,0,,0,0,,0
EA 211,0,0,0,"73,61",0,0,0,,0,0,0,,0,0,0,,0,0,0,,0,0,0,,0,0,0,,0,,0,,0,,0,,0,,,,0,,,,0,,,,0,,,,0,,,,,,,,0,,,,0,,,,0,,,,0,,,,0,,,,0,,,,0,,,,0,,,,0,,,,0,,,,0,,,,,,,,0,0,,0,0,,0,0,,0,0,,0
EA 212,0,0,0,"73,61",0,0,0,,0,0,0,,0,0,0,,0,0,0,,0,0,0,,0,0,0,,0,,0,,0,,0,,0,,,,0,,,,0,,,,0,,,,0,,,,,,,,0,,,,0,,,,0,,,,0,,,,0,,,,0,,,,0,,,,0,,,,0,,,,0,,,,0,,,,,,,,0,0,,0,0,,0,0,,0,0,,0
EA 213,0,0,0,"73,61",0,0,0,,0,0,0,,0,0,0,,0,0,0,,0,0,0,,0,0,0,,0,,0,,0,,0,,0,,,,0,,,,0,,,,0,,,,0,,,,,,,,0,,,,0,,,,0,,,,0,,,,0,,,,0,,,,0,,,,0,,,,0,,,,0,,,,0,,,,,,,,0,0,,0,0,,0,0,,0,0,,0
EA 214,0,0,0,"73,61",0,0,0,,0,0,0,,0,0,0,,0,0,0,,0,0,0,,0,0,0,,0,,0,,0,,0,,0,,,,0,,,,0,,,,0,,,,0,,,,,,,,0,,,,0,,,,0,,,,0,,,,0,,,,0,,,,0,,,,0,,,,0,,,,0,,,,0,,,,,,,,0,0,,0,0,,0,0,,0,0,,0
EA 215,0,0,0,"73,61",0,0,0,,0,0,0,,0,0,0,,0,0,0,,0,0,0,,0,0,0,,0,,0,,0,,0,,0,,,,0,,,,0,,,,0,,,,0,,,,,,,,0,,,,0,,,,0,,,,0,,,,0,,,,0,,,,0,,,,0,,,,0,,,,0,,,,0,,,,,,,,0,0,,0,0,,0,0,,0,0,,0
EA 216,0,0,0,"73,61",0,0,0,,0,0,0,,0,0,0,,0,0,0,,0,0,0,,0,0,0,,0,,0,,0,,0,,0,,,,0,,,,0,,,,0,,,,0,,,,,,,,0,,,,0,,,,0,,,,0,,,,0,,,,0,,,,0,,,,0,,,,0,,,,0,,,,0,,,,,,,,0,0,,0,0,,0,0,,0,0,,0
EA 217,0,0,0,"73,61",0,0,0,,0,0,0,,0,0,0,,0,0,0,,0,0,0,,0,0,0,,0,,0,,0,,0,,0,,,,0,,,,0,,,,0,,,,0,,,,,,,,0,,,,0,,,,0,,,,0,,,,0,,,,0,,,,0,,,,0,,,,0,,,,0,,,,0,,,,,,,,0,0,,0,0,,0,0,,0,0,,0
EA 353,120,8,4,"100,67","268,453333333333",0,0,0,0,0,0,0,0,0,0,0,0,0,0,0,0,3,4,138,138,0,0,0,0,0,0,0,0,0,0,0,0,0,0,0,0,0,0,0,0,0,0,0,0,0,0,0,0,0,0,0,0,0,0,0,0,4,3,100,100,0,0,0,0,0,0,0,0,1,9,106,"79,5",2,1,315,"52,5",0,0,0,0,0,0,0,0,2,1,389,"64,8333333333333",0,0,0,0,0,0,0,0,1,0,69,0,30,1,65,"162,5",8,1080,720,8,640,"426,666666666667",0,0,0,8,301,"200,666666666667"
EA 358,120,8,4,"100,67","268,453333333333",0,0,0,0,0,0,0,0,0,0,0,0,0,0,0,0,3,4,138,138,0,0,0,0,0,0,0,0,0,0,0,0,0,0,0,0,0,0,0,0,0,0,0,0,0,0,0,0,0,0,0,0,0,0,0,0,4,3,100,100,0,0,0,0,0,0,0,0,1,9,106,"79,5",2,1,315,"52,5",0,0,0,0,0,0,0,0,2,1,389,"64,8333333333333",0,0,0,0,0,0,0,0,1,0,69,0,30,1,65,"162,5",8,1080,720,8,640,"426,666666666667",0,0,0,8,301,"200,666666666667"
EA 359,120,8,4,"100,67","268,453333333333",0,0,0,0,0,0,0,0,0,0,0,0,0,0,0,0,3,4,138,138,0,0,0,0,0,0,0,0,0,0,0,0,0,0,0,0,0,0,0,0,0,0,0,0,0,0,0,0,0,0,0,0,0,0,0,0,4,3,100,100,0,0,0,0,0,0,0,0,1,9,106,"79,5",2,1,315,"52,5",0,0,0,0,0,0,0,0,2,1,389,"64,8333333333333",0,0,0,0,0,0,0,0,1,0,69,0,30,1,65,"162,5",8,1080,720,8,640,"426,666666666667",0,0,0,8,301,"200,666666666667"
EA 360,120,8,4,"100,67","268,453333333333",0,0,0,0,0,0,0,0,0,0,0,0,0,0,0,0,3,4,138,138,0,0,0,0,0,0,0,0,0,0,0,0,0,0,0,0,0,0,0,0,0,0,0,0,0,0,0,0,0,0,0,0,0,0,0,0,4,3,100,100,0,0,0,0,0,0,0,0,1,9,106,"79,5",2,1,315,"52,5",0,0,0,0,0,0,0,0,2,1,389,"64,8333333333333",0,0,0,0,0,0,0,0,1,0,69,0,30,1,65,"162,5",8,1080,720,8,640,"426,666666666667",0,0,0,8,301,"200,666666666667"
EA 364,120,8,4,"100,67","268,453333333333",0,0,0,0,0,0,0,0,0,0,0,0,0,0,0,0,3,4,138,138,0,0,0,0,0,0,0,0,0,0,0,0,0,0,0,0,0,0,0,0,0,0,0,0,0,0,0,0,0,0,0,0,0,0,0,0,4,3,100,100,0,0,0,0,0,0,0,0,1,9,106,"79,5",2,1,315,"52,5",0,0,0,0,0,0,0,0,2,1,389,"64,8333333333333",0,0,0,0,0,0,0,0,1,0,69,0,30,1,65,"162,5",8,1080,720,8,640,"426,666666666667",0,0,0,8,301,"200,666666666667"
EA 366,120,8,4,"100,67","268,453333333333",0,0,0,0,0,0,0,0,0,0,0,0,0,0,0,0,3,4,138,138,0,0,0,0,0,0,0,0,0,0,0,0,0,0,0,0,0,0,0,0,0,0,0,0,0,0,0,0,0,0,0,0,0,0,0,0,4,3,100,100,0,0,0,0,0,0,0,0,1,9,106,"79,5",2,1,315,"52,5",0,0,0,0,0,0,0,0,2,1,389,"64,8333333333333",0,0,0,0,0,0,0,0,1,0,69,0,30,1,65,"162,5",8,1080,720,8,640,"426,666666666667",0,0,0,8,301,"200,666666666667"
EA 369,120,8,4,"100,67","268,453333333333",0,0,0,0,0,0,0,0,0,0,0,0,0,0,0,0,3,4,138,138,0,0,0,0,0,0,0,0,0,0,0,0,0,0,0,0,0,0,0,0,0,0,0,0,0,0,0,0,0,0,0,0,0,0,0,0,4,3,100,100,0,0,0,0,0,0,0,0,1,9,106,"79,5",2,1,315,"52,5",0,0,0,0,0,0,0,0,2,1,389,"64,8333333333333",0,0,0,0,0,0,0,0,1,0,69,0,30,1,65,"162,5",8,1080,720,8,640,"426,666666666667",0,0,0,8,301,"200,666666666667"
EA 370,120,8,4,"100,67","268,453333333333",0,0,0,0,0,0,0,0,0,0,0,0,0,0,0,0,3,4,138,138,0,0,0,0,0,0,0,0,0,0,0,0,0,0,0,0,0,0,0,0,0,0,0,0,0,0,0,0,0,0,0,0,0,0,0,0,4,3,100,100,0,0,0,0,0,0,0,0,1,9,106,"79,5",2,1,315,"52,5",0,0,0,0,0,0,0,0,2,1,389,"64,8333333333333",0,0,0,0,0,0,0,0,1,0,69,0,30,1,65,"162,5",8,1080,720,8,640,"426,666666666667",0,0,0,8,301,"200,666666666667"
EA 371,120,8,4,"100,67","268,453333333333",0,0,0,0,0,0,0,0,0,0,0,0,0,0,0,0,3,4,138,138,0,0,0,0,0,0,0,0,0,0,0,0,0,0,0,0,0,0,0,0,0,0,0,0,0,0,0,0,0,0,0,0,0,0,0,0,4,3,100,100,0,0,0,0,0,0,0,0,1,9,106,"79,5",2,1,315,"52,5",0,0,0,0,0,0,0,0,2,1,389,"64,8333333333333",0,0,0,0,0,0,0,0,1,0,69,0,30,1,65,"162,5",8,1080,720,8,640,"426,666666666667",0,0,0,8,301,"200,666666666667"
EA 376,120,8,4,"100,67","268,453333333333",0,0,0,0,0,0,0,0,0,0,0,0,0,0,0,0,3,4,138,138,0,0,0,0,0,0,0,0,0,0,0,0,0,0,0,0,0,0,0,0,0,0,0,0,0,0,0,0,0,0,0,0,0,0,0,0,4,3,100,100,0,0,0,0,0,0,0,0,1,9,106,"79,5",2,1,315,"52,5",0,0,0,0,0,0,0,0,2,1,389,"64,8333333333333",0,0,0,0,0,0,0,0,1,0,69,0,30,1,65,"162,5",8,1080,720,8,640,"426,666666666667",0,0,0,8,301,"200,666666666667"
EA 378,120,8,4,"100,67","268,453333333333",0,0,0,0,0,0,0,0,0,0,0,0,0,0,0,0,3,4,138,138,0,0,0,0,0,0,0,0,0,0,0,0,0,0,0,0,0,0,0,0,0,0,0,0,0,0,0,0,0,0,0,0,0,0,0,0,4,3,100,100,0,0,0,0,0,0,0,0,1,9,106,"79,5",2,1,315,"52,5",0,0,0,0,0,0,0,0,2,1,389,"64,8333333333333",0,0,0,0,0,0,0,0,1,0,69,0,30,1,65,"162,5",8,1080,720,8,640,"426,666666666667",0,0,0,8,301,"200,666666666667"
EA 379,120,8,4,"100,67","268,453333333333",0,0,0,0,0,0,0,0,0,0,0,0,0,0,0,0,3,4,138,138,0,0,0,0,0,0,0,0,0,0,0,0,0,0,0,0,0,0,0,0,0,0,0,0,0,0,0,0,0,0,0,0,0,0,0,0,4,3,100,100,0,0,0,0,0,0,0,0,1,9,106,"79,5",2,1,315,"52,5",0,0,0,0,0,0,0,0,2,1,389,"64,8333333333333",0,0,0,0,0,0,0,0,1,0,69,0,30,1,65,"162,5",8,1080,720,8,640,"426,666666666667",0,0,0,8,301,"200,666666666667"
EA 380,120,8,4,"100,67","268,453333333333",0,0,0,0,0,0,0,0,0,0,0,0,0,0,0,0,3,4,138,138,0,0,0,0,0,0,0,0,0,0,0,0,0,0,0,0,0,0,0,0,0,0,0,0,0,0,0,0,0,0,0,0,0,0,0,0,4,3,100,100,0,0,0,0,0,0,0,0,1,9,106,"79,5",2,1,315,"52,5",0,0,0,0,0,0,0,0,2,1,389,"64,8333333333333",0,0,0,0,0,0,0,0,1,0,69,0,30,1,65,"162,5",8,1080,720,8,640,"426,666666666667",0,0,0,8,301,"200,666666666667"
EA 381,120,8,4,"100,67","268,453333333333",0,0,0,0,0,0,0,0,0,0,0,0,0,0,0,0,3,4,138,138,0,0,0,0,0,0,0,0,0,0,0,0,0,0,0,0,0,0,0,0,0,0,0,0,0,0,0,0,0,0,0,0,0,0,0,0,4,3,100,100,0,0,0,0,0,0,0,0,1,9,106,"79,5",2,1,315,"52,5",0,0,0,0,0,0,0,0,2,1,389,"64,8333333333333",0,0,0,0,0,0,0,0,1,0,69,0,30,1,65,"162,5",8,1080,720,8,640,"426,666666666667",0,0,0,8,301,"200,666666666667"
EA 382,120,8,4,"100,67","268,453333333333",0,0,0,0,0,0,0,0,0,0,0,0,0,0,0,0,3,4,138,138,0,0,0,0,0,0,0,0,0,0,0,0,0,0,0,0,0,0,0,0,0,0,0,0,0,0,0,0,0,0,0,0,0,0,0,0,4,3,100,100,0,0,0,0,0,0,0,0,1,9,106,"79,5",2,1,315,"52,5",0,0,0,0,0,0,0,0,2,1,389,"64,8333333333333",0,0,0,0,0,0,0,0,1,0,69,0,30,1,65,"162,5",8,1080,720,8,640,"426,666666666667",0,0,0,8,301,"200,666666666667"
EA 388,120,8,4,"100,67","268,453333333333",0,0,0,0,0,0,0,0,0,0,0,0,0,0,0,0,3,4,138,138,0,0,0,0,0,0,0,0,0,0,0,0,0,0,0,0,0,0,0,0,0,0,0,0,0,0,0,0,0,0,0,0,0,0,0,0,4,3,100,100,0,0,0,0,0,0,0,0,1,9,106,"79,5",2,1,315,"52,5",0,0,0,0,0,0,0,0,2,1,389,"64,8333333333333",0,0,0,0,0,0,0,0,1,0,69,0,30,1,65,"162,5",8,1080,720,8,640,"426,666666666667",0,0,0,8,301,"200,666666666667"
EA 389,120,8,4,"100,67","268,453333333333",0,0,0,0,0,0,0,0,0,0,0,0,0,0,0,0,3,4,138,138,0,0,0,0,0,0,0,0,0,0,0,0,0,0,0,0,0,0,0,0,0,0,0,0,0,0,0,0,0,0,0,0,0,0,0,0,4,3,100,100,0,0,0,0,0,0,0,0,1,9,106,"79,5",2,1,315,"52,5",0,0,0,0,0,0,0,0,2,1,389,"64,8333333333333",0,0,0,0,0,0,0,0,1,0,69,0,30,1,65,"162,5",8,1080,720,8,640,"426,666666666667",0,0,0,8,301,"200,666666666667"
EA 390,120,8,4,"100,67","268,453333333333",0,0,0,0,0,0,0,0,0,0,0,0,0,0,0,0,3,4,138,138,0,0,0,0,0,0,0,0,0,0,0,0,0,0,0,0,0,0,0,0,0,0,0,0,0,0,0,0,0,0,0,0,0,0,0,0,4,3,100,100,0,0,0,0,0,0,0,0,1,9,106,"79,5",2,1,315,"52,5",0,0,0,0,0,0,0,0,2,1,389,"64,8333333333333",0,0,0,0,0,0,0,0,1,0,69,0,30,1,65,"162,5",8,1080,720,8,640,"426,666666666667",0,0,0,8,301,"200,666666666667"
EA 391,120,8,4,"100,67","268,453333333333",0,0,0,0,0,0,0,0,0,0,0,0,0,0,0,0,3,4,138,138,0,0,0,0,0,0,0,0,0,0,0,0,0,0,0,0,0,0,0,0,0,0,0,0,0,0,0,0,0,0,0,0,0,0,0,0,4,3,100,100,0,0,0,0,0,0,0,0,1,9,106,"79,5",2,1,315,"52,5",0,0,0,0,0,0,0,0,2,1,389,"64,8333333333333",0,0,0,0,0,0,0,0,1,0,69,0,30,1,65,"162,5",8,1080,720,8,640,"426,666666666667",0,0,0,8,301,"200,666666666667"
EA 392,120,8,4,"100,67","268,453333333333",0,0,0,0,0,0,0,0,0,0,0,0,0,0,0,0,3,4,138,138,0,0,0,0,0,0,0,0,0,0,0,0,0,0,0,0,0,0,0,0,0,0,0,0,0,0,0,0,0,0,0,0,0,0,0,0,4,3,100,100,0,0,0,0,0,0,0,0,1,9,106,"79,5",2,1,315,"52,5",0,0,0,0,0,0,0,0,2,1,389,"64,8333333333333",0,0,0,0,0,0,0,0,1,0,69,0,30,1,65,"162,5",8,1080,720,8,640,"426,666666666667",0,0,0,8,301,"200,666666666667"
EA 393,120,8,4,"100,67","268,453333333333",0,0,0,0,0,0,0,0,0,0,0,0,0,0,0,0,3,4,138,138,0,0,0,0,0,0,0,0,0,0,0,0,0,0,0,0,0,0,0,0,0,0,0,0,0,0,0,0,0,0,0,0,0,0,0,0,4,3,100,100,0,0,0,0,0,0,0,0,1,9,106,"79,5",2,1,315,"52,5",0,0,0,0,0,0,0,0,2,1,389,"64,8333333333333",0,0,0,0,0,0,0,0,1,0,69,0,30,1,65,"162,5",8,1080,720,8,640,"426,666666666667",0,0,0,8,301,"200,666666666667"
EA 394,120,8,4,"100,67","268,453333333333",0,0,0,0,0,0,0,0,0,0,0,0,0,0,0,0,3,4,138,138,0,0,0,0,0,0,0,0,0,0,0,0,0,0,0,0,0,0,0,0,0,0,0,0,0,0,0,0,0,0,0,0,0,0,0,0,4,3,100,100,0,0,0,0,0,0,0,0,1,9,106,"79,5",2,1,315,"52,5",0,0,0,0,0,0,0,0,2,1,389,"64,8333333333333",0,0,0,0,0,0,0,0,1,0,69,0,30,1,65,"162,5",8,1080,720,8,640,"426,666666666667",0,0,0,8,301,"200,666666666667"
EA 395,120,8,4,"100,67","268,453333333333",0,0,0,0,0,0,0,0,0,0,0,0,0,0,0,0,3,4,138,138,0,0,0,0,0,0,0,0,0,0,0,0,0,0,0,0,0,0,0,0,0,0,0,0,0,0,0,0,0,0,0,0,0,0,0,0,4,3,100,100,0,0,0,0,0,0,0,0,1,9,106,"79,5",2,1,315,"52,5",0,0,0,0,0,0,0,0,2,1,389,"64,8333333333333",0,0,0,0,0,0,0,0,1,0,69,0,30,1,65,"162,5",8,1080,720,8,640,"426,666666666667",0,0,0,8,301,"200,666666666667"
EA 396,120,8,4,"100,67","268,453333333333",0,0,0,0,0,0,0,0,0,0,0,0,0,0,0,0,3,4,138,138,0,0,0,0,0,0,0,0,0,0,0,0,0,0,0,0,0,0,0,0,0,0,0,0,0,0,0,0,0,0,0,0,0,0,0,0,4,3,100,100,0,0,0,0,0,0,0,0,1,9,106,"79,5",2,1,315,"52,5",0,0,0,0,0,0,0,0,2,1,389,"64,8333333333333",0,0,0,0,0,0,0,0,1,0,69,0,30,1,65,"162,5",8,1080,720,8,640,"426,666666666667",0,0,0,8,301,"200,666666666667"
EA 397,120,8,4,"100,67","268,453333333333",0,0,0,0,0,0,0,0,0,0,0,0,0,0,0,0,3,4,138,138,0,0,0,0,0,0,0,0,0,0,0,0,0,0,0,0,0,0,0,0,0,0,0,0,0,0,0,0,0,0,0,0,0,0,0,0,4,3,100,100,0,0,0,0,0,0,0,0,1,9,106,"79,5",2,1,315,"52,5",0,0,0,0,0,0,0,0,2,1,389,"64,8333333333333",0,0,0,0,0,0,0,0,1,0,69,0,30,1,65,"162,5",8,1080,720,8,640,"426,666666666667",0,0,0,8,301,"200,666666666667"
EA 398,125,10,11,"100,67","922,808333333333",0,0,0,0,0,0,0,0,0,0,0,0,0,0,0,0,4,2,138,92,0,0,0,0,0,0,0,0,0,0,0,0,0,0,0,0,0,0,0,0,0,0,0,0,0,0,0,0,0,0,0,0,0,0,0,0,4,"2,7",100,90,0,0,0,0,0,0,0,0,2,10,106,"176,666666666667",2,1,315,"52,5",0,0,0,0,0,0,0,0,2,"0,7",389,"45,3833333333333",0,0,0,0,0,0,0,0,1,0,69,0,30,1,65,"162,5",12,"3038,4","3038,4",12,"2521,72","2521,72",0,0,0,10,"486,53","405,441666666667"
EA 399,125,10,11,"100,67","922,808333333333",0,0,0,0,0,0,0,0,0,0,0,0,0,0,0,0,4,2,138,92,0,0,0,0,0,0,0,0,0,0,0,0,0,0,0,0,0,0,0,0,0,0,0,0,0,0,0,0,0,0,0,0,0,0,0,0,4,"2,7",100,90,0,0,0,0,0,0,0,0,2,10,106,"176,666666666667",2,1,315,"52,5",0,0,0,0,0,0,0,0,2,"0,7",389,"45,3833333333333",0,0,0,0,0,0,0,0,1,0,69,0,30,1,65,"162,5",12,"3038,4","3038,4",12,"2521,72","2521,72",0,0,0,10,"486,53","405,441666666667"
EA 400,125,10,11,"100,67","922,808333333333",0,0,0,0,0,0,0,0,0,0,0,0,0,0,0,0,4,2,138,92,0,0,0,0,0,0,0,0,0,0,0,0,0,0,0,0,0,0,0,0,0,0,0,0,0,0,0,0,0,0,0,0,0,0,0,0,4,"2,7",100,90,0,0,0,0,0,0,0,0,2,10,106,"176,666666666667",2,1,315,"52,5",0,0,0,0,0,0,0,0,2,"0,7",389,"45,3833333333333",0,0,0,0,0,0,0,0,1,0,69,0,30,1,65,"162,5",12,"3038,4","3038,4",12,"2521,72","2521,72",0,0,0,10,"486,53","405,441666666667"
EA 401,120,8,4,"100,67","268,453333333333",0,0,0,0,0,0,0,0,0,0,0,0,0,0,0,0,3,5,138,"172,5",0,0,0,0,0,0,0,0,0,0,0,0,0,0,0,0,0,0,0,0,0,0,0,0,0,0,0,0,0,0,0,0,0,0,0,0,4,3,100,100,0,0,0,0,0,0,0,0,1,9,106,"79,5",2,1,315,"52,5",0,0,0,0,0,0,0,0,2,1,389,"64,8333333333333",0,0,0,0,0,0,0,0,1,0,69,0,30,1,65,"162,5",8,1080,720,8,640,"426,666666666667",0,0,0,8,301,"200,666666666667"
EA 402,120,8,4,"100,67","268,453333333333",0,0,0,0,0,0,0,0,0,0,0,0,0,0,0,0,3,5,138,"172,5",0,0,0,0,0,0,0,0,0,0,0,0,0,0,0,0,0,0,0,0,0,0,0,0,0,0,0,0,0,0,0,0,0,0,0,0,4,3,100,100,0,0,0,0,0,0,0,0,1,9,106,"79,5",2,1,315,"52,5",0,0,0,0,0,0,0,0,2,1,389,"64,8333333333333",0,0,0,0,0,0,0,0,1,0,69,0,30,1,65,"162,5",8,1080,720,8,640,"426,666666666667",0,0,0,8,301,"200,666666666667"
EA 403,120,8,4,"100,67","268,453333333333",0,0,0,0,0,0,0,0,0,0,0,0,0,0,0,0,3,5,138,"172,5",0,0,0,0,0,0,0,0,0,0,0,0,0,0,0,0,0,0,0,0,0,0,0,0,0,0,0,0,0,0,0,0,0,0,0,0,4,3,100,100,0,0,0,0,0,0,0,0,1,9,106,"79,5",2,1,315,"52,5",0,0,0,0,0,0,0,0,2,1,389,"64,8333333333333",0,0,0,0,0,0,0,0,1,0,69,0,30,1,65,"162,5",8,1080,720,8,640,"426,666666666667",0,0,0,8,301,"200,666666666667"
EA 404,120,8,4,"100,67","268,453333333333",0,0,0,0,0,0,0,0,0,0,0,0,0,0,0,0,3,5,138,"172,5",0,0,0,0,0,0,0,0,0,0,0,0,0,0,0,0,0,0,0,0,0,0,0,0,0,0,0,0,0,0,0,0,0,0,0,0,4,3,100,100,0,0,0,0,0,0,0,0,1,9,106,"79,5",2,1,315,"52,5",0,0,0,0,0,0,0,0,2,1,389,"64,8333333333333",0,0,0,0,0,0,0,0,1,0,69,0,30,1,65,"162,5",8,1080,720,8,640,"426,666666666667",0,0,0,8,301,"200,666666666667"
EA 405,120,8,4,"100,67","268,453333333333",0,0,0,0,0,0,0,0,0,0,0,0,0,0,0,0,3,5,138,"172,5",0,0,0,0,0,0,0,0,0,0,0,0,0,0,0,0,0,0,0,0,0,0,0,0,0,0,0,0,0,0,0,0,0,0,0,0,4,3,100,100,0,0,0,0,0,0,0,0,1,9,106,"79,5",2,1,315,"52,5",0,0,0,0,0,0,0,0,2,1,389,"64,8333333333333",0,0,0,0,0,0,0,0,1,0,69,0,30,1,65,"162,5",8,1080,720,8,640,"426,666666666667",0,0,0,8,301,"200,666666666667"
EA 406,120,8,4,"100,67","268,453333333333",0,0,0,0,0,0,0,0,0,0,0,0,0,0,0,0,3,5,138,"172,5",0,0,0,0,0,0,0,0,0,0,0,0,0,0,0,0,0,0,0,0,0,0,0,0,0,0,0,0,0,0,0,0,0,0,0,0,4,3,100,100,0,0,0,0,0,0,0,0,1,9,106,"79,5",2,1,315,"52,5",0,0,0,0,0,0,0,0,2,1,389,"64,8333333333333",0,0,0,0,0,0,0,0,1,0,69,0,30,1,65,"162,5",8,1080,720,8,640,"426,666666666667",0,0,0,8,301,"200,666666666667"
EA 407,120,8,4,"100,67","268,453333333333",0,0,0,0,0,0,0,0,0,0,0,0,0,0,0,0,3,5,138,"172,5",0,0,0,0,0,0,0,0,0,0,0,0,0,0,0,0,0,0,0,0,0,0,0,0,0,0,0,0,0,0,0,0,0,0,0,0,4,3,100,100,0,0,0,0,0,0,0,0,1,9,106,"79,5",2,1,315,"52,5",0,0,0,0,0,0,0,0,2,1,389,"64,8333333333333",0,0,0,0,0,0,0,0,1,0,69,0,30,1,65,"162,5",8,1080,720,8,640,"426,666666666667",0,0,0,8,301,"200,666666666667"
EA 408,120,8,4,"100,67","268,453333333333",0,0,0,0,0,0,0,0,0,0,0,0,0,0,0,0,3,5,138,"172,5",0,0,0,0,0,0,0,0,0,0,0,0,0,0,0,0,0,0,0,0,0,0,0,0,0,0,0,0,0,0,0,0,0,0,0,0,4,3,100,100,0,0,0,0,0,0,0,0,1,9,106,"79,5",2,1,315,"52,5",0,0,0,0,0,0,0,0,2,1,389,"64,8333333333333",0,0,0,0,0,0,0,0,1,0,69,0,30,1,65,"162,5",8,1080,720,8,640,"426,666666666667",0,0,0,8,301,"200,666666666667"
EA 409,120,8,4,"100,67","268,453333333333",0,0,0,0,0,0,0,0,0,0,0,0,0,0,0,0,3,5,138,"172,5",0,0,0,0,0,0,0,0,0,0,0,0,0,0,0,0,0,0,0,0,0,0,0,0,0,0,0,0,0,0,0,0,0,0,0,0,4,3,100,100,0,0,0,0,0,0,0,0,1,9,106,"79,5",2,1,315,"52,5",0,0,0,0,0,0,0,0,2,1,389,"64,8333333333333",0,0,0,0,0,0,0,0,1,0,69,0,30,1,65,"162,5",8,1080,720,8,640,"426,666666666667",0,0,0,8,301,"200,666666666667"
EA 410,120,8,4,"100,67","268,453333333333",0,0,0,0,0,0,0,0,0,0,0,0,0,0,0,0,3,5,138,"172,5",0,0,0,0,0,0,0,0,0,0,0,0,0,0,0,0,0,0,0,0,0,0,0,0,0,0,0,0,0,0,0,0,0,0,0,0,4,3,100,100,0,0,0,0,0,0,0,0,1,9,106,"79,5",2,1,315,"52,5",0,0,0,0,0,0,0,0,2,1,389,"64,8333333333333",0,0,0,0,0,0,0,0,1,0,69,0,30,1,65,"162,5",8,1080,720,8,640,"426,666666666667",0,0,0,8,301,"200,666666666667"
EA 411,120,8,4,"100,67","268,453333333333",0,0,0,0,0,0,0,0,0,0,0,0,0,0,0,0,3,5,138,"172,5",0,0,0,0,0,0,0,0,0,0,0,0,0,0,0,0,0,0,0,0,0,0,0,0,0,0,0,0,0,0,0,0,0,0,0,0,4,3,100,100,0,0,0,0,0,0,0,0,1,9,106,"79,5",2,1,315,"52,5",0,0,0,0,0,0,0,0,2,1,389,"64,8333333333333",0,0,0,0,0,0,0,0,1,0,69,0,30,1,65,"162,5",8,1080,720,8,640,"426,666666666667",0,0,0,8,301,"200,666666666667"
EA 412,120,8,4,"100,67","268,453333333333",0,0,0,0,0,0,0,0,0,0,0,0,0,0,0,0,3,5,138,"172,5",0,0,0,0,0,0,0,0,0,0,0,0,0,0,0,0,0,0,0,0,0,0,0,0,0,0,0,0,0,0,0,0,0,0,0,0,4,3,100,100,0,0,0,0,0,0,0,0,1,9,106,"79,5",2,1,315,"52,5",0,0,0,0,0,0,0,0,2,1,389,"64,8333333333333",0,0,0,0,0,0,0,0,1,0,69,0,30,1,65,"162,5",8,1080,720,8,640,"426,666666666667",0,0,0,8,301,"200,666666666667"
EA 413,120,8,4,"100,67","268,453333333333",0,0,0,0,0,0,0,0,0,0,0,0,0,0,0,0,3,5,138,"172,5",0,0,0,0,0,0,0,0,0,0,0,0,0,0,0,0,0,0,0,0,0,0,0,0,0,0,0,0,0,0,0,0,0,0,0,0,4,3,100,100,0,0,0,0,0,0,0,0,1,9,106,"79,5",2,1,315,"52,5",0,0,0,0,0,0,0,0,2,1,389,"64,8333333333333",0,0,0,0,0,0,0,0,1,0,69,0,30,1,65,"162,5",8,1080,720,8,640,"426,666666666667",0,0,0,8,301,"200,666666666667"
EA 414,120,8,4,"100,67","268,453333333333",0,0,0,0,0,0,0,0,0,0,0,0,0,0,0,0,3,5,138,"172,5",0,0,0,0,0,0,0,0,0,0,0,0,0,0,0,0,0,0,0,0,0,0,0,0,0,0,0,0,0,0,0,0,0,0,0,0,4,3,100,100,0,0,0,0,0,0,0,0,1,9,106,"79,5",2,1,315,"52,5",0,0,0,0,0,0,0,0,2,1,389,"64,8333333333333",0,0,0,0,0,0,0,0,1,0,69,0,30,1,65,"162,5",8,1080,720,8,640,"426,666666666667",0,0,0,8,301,"200,666666666667"
EA 415,120,8,4,"100,67","268,453333333333",0,0,0,0,0,0,0,0,0,0,0,0,0,0,0,0,3,5,138,"172,5",0,0,0,0,0,0,0,0,0,0,0,0,0,0,0,0,0,0,0,0,0,0,0,0,0,0,0,0,0,0,0,0,0,0,0,0,4,3,100,100,0,0,0,0,0,0,0,0,1,9,106,"79,5",2,1,315,"52,5",0,0,0,0,0,0,0,0,2,1,389,"64,8333333333333",0,0,0,0,0,0,0,0,1,0,69,0,30,1,65,"162,5",8,1080,720,8,640,"426,666666666667",0,0,0,8,301,"200,666666666667"
EA 417,120,8,4,"100,67","268,453333333333",0,0,0,0,0,0,0,0,0,0,0,0,0,0,0,0,3,5,138,"172,5",0,0,0,0,0,0,0,0,0,0,0,0,0,0,0,0,0,0,0,0,0,0,0,0,0,0,0,0,0,0,0,0,0,0,0,0,4,3,100,100,0,0,0,0,0,0,0,0,1,9,106,"79,5",2,1,315,"52,5",0,0,0,0,0,0,0,0,2,1,389,"64,8333333333333",0,0,0,0,0,0,0,0,1,0,69,0,30,1,65,"162,5",8,1080,720,8,640,"426,666666666667",0,0,0,8,301,"200,666666666667"
EA 418,120,8,4,"100,67","268,453333333333",0,0,0,0,0,0,0,0,0,0,0,0,0,0,0,0,3,5,138,"172,5",0,0,0,0,0,0,0,0,0,0,0,0,0,0,0,0,0,0,0,0,0,0,0,0,0,0,0,0,0,0,0,0,0,0,0,0,4,3,100,100,0,0,0,0,0,0,0,0,1,9,106,"79,5",2,1,315,"52,5",0,0,0,0,0,0,0,0,2,1,389,"64,8333333333333",0,0,0,0,0,0,0,0,1,0,69,0,30,1,65,"162,5",8,1080,720,8,640,"426,666666666667",0,0,0,8,301,"200,666666666667"
EA 604,125,10,11,"100,67","922,808333333333",0,0,0,0,0,0,0,0,0,0,0,0,0,0,0,0,4,2,138,92,0,0,0,0,0,0,0,0,0,0,0,0,0,0,0,0,0,0,0,0,0,0,0,0,0,0,0,0,0,0,0,0,0,0,0,0,4,"2,7",100,90,0,0,0,0,0,0,0,0,2,10,106,"176,666666666667",2,1,315,"52,5",0,0,0,0,0,0,0,0,2,"0,7",389,"45,3833333333333",0,0,0,0,0,0,0,0,1,0,69,0,30,1,65,"162,5",12,"3038,4","3038,4",12,"2521,72","2521,72",0,0,0,10,"486,53","405,441666666667"
EA 605,125,10,11,"100,67","922,808333333333",0,0,0,0,0,0,0,0,0,0,0,0,0,0,0,0,4,2,138,92,0,0,0,0,0,0,0,0,0,0,0,0,0,0,0,0,0,0,0,0,0,0,0,0,0,0,0,0,0,0,0,0,0,0,0,0,4,"2,7",100,90,0,0,0,0,0,0,0,0,2,10,106,"176,666666666667",2,1,315,"52,5",0,0,0,0,0,0,0,0,2,"0,7",389,"45,3833333333333",0,0,0,0,0,0,0,0,1,0,69,0,30,1,65,"162,5",12,"3038,4","3038,4",12,"2521,72","2521,72",0,0,0,10,"486,53","405,441666666667"
EA 606,125,10,11,"100,67","922,808333333333",0,0,0,0,0,0,0,0,0,0,0,0,0,0,0,0,4,2,138,92,0,0,0,0,0,0,0,0,0,0,0,0,0,0,0,0,0,0,0,0,0,0,0,0,0,0,0,0,0,0,0,0,0,0,0,0,4,"2,7",100,90,0,0,0,0,0,0,0,0,2,10,106,"176,666666666667",2,1,315,"52,5",0,0,0,0,0,0,0,0,2,"0,7",389,"45,3833333333333",0,0,0,0,0,0,0,0,1,0,69,0,30,1,65,"162,5",12,"3038,4","3038,4",12,"2521,72","2521,72",0,0,0,10,"486,53","405,441666666667"
EA 608,125,10,11,"100,67","922,808333333333",0,0,0,0,0,0,0,0,0,0,0,0,0,0,0,0,4,2,138,92,0,0,0,0,0,0,0,0,0,0,0,0,0,0,0,0,0,0,0,0,0,0,0,0,0,0,0,0,0,0,0,0,0,0,0,0,4,"2,7",100,90,0,0,0,0,0,0,0,0,2,10,106,"176,666666666667",2,1,315,"52,5",0,0,0,0,0,0,0,0,2,"0,7",389,"45,3833333333333",0,0,0,0,0,0,0,0,1,0,69,0,30,1,65,"162,5",12,"3038,4","3038,4",12,"2521,72","2521,72",0,0,0,10,"486,53","405,441666666667"
EA 609,125,10,11,"100,67","922,808333333333",0,0,0,0,0,0,0,0,0,0,0,0,0,0,0,0,4,2,138,92,0,0,0,0,0,0,0,0,0,0,0,0,0,0,0,0,0,0,0,0,0,0,0,0,0,0,0,0,0,0,0,0,0,0,0,0,4,"2,7",100,90,0,0,0,0,0,0,0,0,2,10,106,"176,666666666667",2,1,315,"52,5",0,0,0,0,0,0,0,0,2,"0,7",389,"45,3833333333333",0,0,0,0,0,0,0,0,1,0,69,0,30,1,65,"162,5",12,"3038,4","3038,4",12,"2521,72","2521,72",0,0,0,10,"486,53","405,441666666667"
EA 610,125,10,11,"100,67","922,808333333333",0,0,0,0,0,0,0,0,0,0,0,0,0,0,0,0,4,2,138,92,0,0,0,0,0,0,0,0,0,0,0,0,0,0,0,0,0,0,0,0,0,0,0,0,0,0,0,0,0,0,0,0,0,0,0,0,4,"2,7",100,90,0,0,0,0,0,0,0,0,2,10,106,"176,666666666667",2,1,315,"52,5",0,0,0,0,0,0,0,0,2,"0,7",389,"45,3833333333333",0,0,0,0,0,0,0,0,1,0,69,0,30,1,65,"162,5",12,"3038,4","3038,4",12,"2521,72","2521,72",0,0,0,10,"486,53","405,441666666667"
EA 611,125,10,11,"100,67","922,808333333333",0,0,0,0,0,0,0,0,0,0,0,0,0,0,0,0,4,2,138,92,0,0,0,0,0,0,0,0,0,0,0,0,0,0,0,0,0,0,0,0,0,0,0,0,0,0,0,0,0,0,0,0,0,0,0,0,4,"2,7",100,90,0,0,0,0,0,0,0,0,2,10,106,"176,666666666667",2,1,315,"52,5",0,0,0,0,0,0,0,0,2,"0,7",389,"45,3833333333333",0,0,0,0,0,0,0,0,1,0,69,0,30,1,65,"162,5",12,"3038,4","3038,4",12,"2521,72","2521,72",0,0,0,10,"486,53","405,441666666667"
EA 612,125,10,11,"100,67","922,808333333333",0,0,0,0,0,0,0,0,0,0,0,0,0,0,0,0,4,2,138,92,0,0,0,0,0,0,0,0,0,0,0,0,0,0,0,0,0,0,0,0,0,0,0,0,0,0,0,0,0,0,0,0,0,0,0,0,4,"2,7",100,90,0,0,0,0,0,0,0,0,2,10,106,"176,666666666667",2,1,315,"52,5",0,0,0,0,0,0,0,0,2,"0,7",389,"45,3833333333333",0,0,0,0,0,0,0,0,1,0,69,0,30,1,65,"162,5",12,"3038,4","3038,4",12,"2521,72","2521,72",0,0,0,10,"486,53","405,441666666667"
EA 613,125,10,11,"100,67","922,808333333333",0,0,0,0,0,0,0,0,0,0,0,0,0,0,0,0,4,2,138,92,0,0,0,0,0,0,0,0,0,0,0,0,0,0,0,0,0,0,0,0,0,0,0,0,0,0,0,0,0,0,0,0,0,0,0,0,4,"2,7",100,90,0,0,0,0,0,0,0,0,2,10,106,"176,666666666667",2,1,315,"52,5",0,0,0,0,0,0,0,0,2,"0,7",389,"45,3833333333333",0,0,0,0,0,0,0,0,1,0,69,0,30,1,65,"162,5",12,"3038,4","3038,4",12,"2521,72","2521,72",0,0,0,10,"486,53","405,441666666667"
EV 111,305,6,42,"100,67","2114,07",0,0,0,0,0,0,0,0,0,0,0,0,0,0,0,0,0,0,0,0,2,44,"89,49","656,26",0,0,0,0,2,37,"89,49","551,855",0,0,0,0,0,0,0,0,0,0,0,0,0,0,0,0,2,170,"89,49","2535,55",0,0,0,0,0,0,0,0,0,0,0,0,0,0,0,0,1,84,"83,91","587,37",0,0,,0,0,0,0,0,2,24,"89,49","357,96",0,0,0,0,0,0,0,0,0,0,0,0,1,72,69,414,40,3,"123,09","1230,9",12,"3851,39","3851,39",12,"2472,74","2472,74",4,22000,"7333,33333333333",6,"504,06","252,03"
EV 116,305,6,35,"100,7","1762,25",0,0,0,0,0,0,0,0,0,0,0,0,0,0,0,0,0,0,0,0,2,30,"89,5","447,5",0,0,0,0,2,20,"89,49","298,3",0,0,0,0,0,0,0,0,0,0,0,0,0,0,0,0,2,170,"89,49","2535,55",0,0,0,0,0,0,0,0,0,0,0,0,0,0,0,0,1,84,"83,91","587,37",0,0,,0,0,0,0,0,2,24,"89,5",358,0,0,0,0,0,0,0,0,0,0,0,0,1,72,69,414,40,3,"123,09","1230,9",12,"3851,39","3851,39",12,"2472,74","2472,74",4,22000,"7333,33333333333",6,"504,06","252,03"
EV 120,305,6,42,"100,7","2114,7",0,0,0,0,0,0,0,0,0,0,0,0,0,0,0,0,0,0,0,0,2,44,"89,5","656,333333333333",0,0,0,0,2,37,"89,49","551,855",0,0,0,0,0,0,0,0,0,0,0,0,0,0,0,0,2,170,"89,49","2535,55",0,0,0,0,0,0,0,0,0,0,0,0,0,0,0,0,1,84,"83,91","587,37",0,0,,0,0,0,0,0,2,24,"89,5",358,0,0,0,0,0,0,0,0,0,0,0,0,1,72,69,414,40,3,"123,09","1230,9",12,"3851,39","3851,39",12,"2472,74","2472,74",4,22000,"7333,33333333333",6,"504,06","252,03"
EV 121,305,6,43,"100,7","2165,05",0,0,0,0,0,0,0,0,0,0,0,0,0,0,0,0,0,0,0,0,2,44,"89,5","656,333333333333",0,0,0,0,2,74,"89,49","1103,71",0,0,0,0,0,0,0,0,0,0,0,0,0,0,0,0,2,170,"89,49","2535,55",0,0,0,0,0,0,0,0,0,0,0,0,0,0,0,0,1,75,"83,91","524,4375",0,0,,0,0,0,0,0,2,24,"89,5",358,0,0,0,0,0,0,0,0,0,0,0,0,1,75,69,"431,25",40,3,"123,09","1230,9",12,"3851,39","3851,39",12,"2472,74","2472,74",4,22000,"7333,33333333333",6,"504,06","252,03"
EV 122,305,6,43,"100,7","2165,05",0,0,0,0,0,0,0,0,0,0,0,0,0,0,0,0,0,0,0,0,2,44,"89,5","656,333333333333",0,0,0,0,2,74,"89,49","1103,71",0,0,0,0,0,0,0,0,0,0,0,0,0,0,0,0,2,170,"89,49","2535,55",0,0,0,0,0,0,0,0,0,0,0,0,0,0,0,0,1,75,"83,91","524,4375",0,0,,0,0,0,0,0,2,24,"89,5",358,0,0,0,0,0,0,0,0,0,0,0,0,1,75,69,"431,25",40,3,"123,09","1230,9",12,"3851,39","3851,39",12,"2472,74","2472,74",4,22000,"7333,33333333333",6,"504,06","252,03"
EV 207,185,6,29,"100,7","1460,15",0,0,0,0,0,0,0,0,0,0,0,0,0,0,0,0,0,0,0,0,0,0,0,0,0,0,0,0,0,0,0,0,2,128,"89,5","1909,33333333333",2,7,"89,6","104,533333333333",2,"0,5","89,5","7,45833333333333",0,0,0,0,2,47,"89,5","701,083333333333",0,0,0,0,0,0,0,0,0,0,0,0,0,0,0,0,1,5,"83,9","34,9583333333333",0,0,0,0,0,0,0,0,0,0,0,0,0,0,0,0,0,0,0,0,0,0,0,0,1,38,69,"218,5",30,3,"123,1","923,25",12,"2662,68","2662,68",12,"527,21","527,21",4,22000,"7333,33333333333",6,"451,67","225,835"
EV 209,185,6,29,"100,7","1460,15",0,0,0,0,0,0,0,0,0,0,0,0,0,0,0,0,0,0,0,0,0,0,0,0,0,0,0,0,0,0,0,0,2,128,"89,5","1909,33333333333",2,7,"89,6","104,533333333333",2,"0,5","89,5","7,45833333333333",0,0,0,0,2,47,"89,5","701,083333333333",0,0,0,0,0,0,0,0,0,0,0,0,0,0,0,0,1,5,"83,9","34,9583333333333",0,0,0,0,0,0,0,0,0,0,0,0,0,0,0,0,0,0,0,0,0,0,0,0,1,38,69,"218,5",30,3,"123,1","923,25",12,"2662,68","2662,68",12,"527,21","527,21",4,22000,"7333,33333333333",6,"451,67","225,835"
EV 213,185,6,20,"100,7",1007,0,0,0,0,0,0,0,0,0,0,0,0,0,0,0,0,0,0,0,0,0,0,0,0,0,0,0,0,0,0,0,0,2,98,"89,5","1461,83333333333",2,7,"89,6","104,533333333333",2,"0,5","89,5","7,45833333333333",0,0,0,0,2,34,"89,5","507,166666666667",0,0,0,0,0,0,0,0,0,0,0,0,0,0,0,0,1,43,"83,91","300,6775",0,0,0,0,0,0,0,0,0,0,0,0,0,0,0,0,0,0,0,0,0,0,0,0,1,38,69,"218,5",30,3,"123,09","923,175",12,"2662,68","2662,68",12,"1165,29","1165,29",4,22000,"7333,33333333333",6,"451,67","225,835"
EV 214,185,6,18,"100,7","906,3",0,0,0,0,0,0,0,0,0,0,0,0,0,0,0,0,0,0,0,0,0,0,0,0,0,0,0,0,0,0,0,0,2,128,"89,5","1909,33333333333",2,7,"89,6","104,533333333333",2,"0,5","89,5","7,45833333333333",0,0,0,0,2,70,"89,5","1044,16666666667",0,0,0,0,0,0,0,0,0,0,0,0,0,0,0,0,1,40,"83,9","279,666666666667",0,0,0,0,0,0,0,0,0,0,0,0,0,0,0,0,0,0,0,0,0,0,0,0,1,55,69,"316,25",30,3,"123,1","923,25",12,"2690,27","2690,27",12,"2035,2","2035,2",4,22000,"7333,33333333333",6,"451,67","225,835"
EV 215,185,6,18,"100,7","906,3",0,0,0,0,0,0,0,0,0,0,0,0,0,0,0,0,0,0,0,0,0,0,0,0,0,0,0,0,0,0,0,0,2,128,"89,5","1909,33333333333",2,7,"89,6","104,533333333333",2,"0,5","89,5","7,45833333333333",0,0,0,0,2,70,"89,5","1044,16666666667",0,0,0,0,0,0,0,0,0,0,0,0,0,0,0,0,1,40,"83,9","279,666666666667",0,0,0,0,0,0,0,0,0,0,0,0,0,0,0,0,0,0,0,0,0,0,0,0,1,55,69,"316,25",30,3,"123,1","923,25",12,"2690,27","2690,27",12,"2035,2","2035,2",4,22000,"7333,33333333333",6,"451,67","225,835"
EV 216,185,6,18,"100,7","906,3",0,0,0,0,0,0,0,0,0,0,0,0,0,0,0,0,0,0,0,0,0,0,0,0,0,0,0,0,0,0,0,0,2,128,"89,5","1909,33333333333",2,7,"89,6","104,533333333333",2,"0,5","89,5","7,45833333333333",0,0,0,0,2,70,"89,5","1044,16666666667",0,0,0,0,0,0,0,0,0,0,0,0,0,0,0,0,1,40,"83,9","279,666666666667",0,0,0,0,0,0,0,0,0,0,0,0,0,0,0,0,0,0,0,0,0,0,0,0,1,55,69,"316,25",30,3,"123,1","923,25",12,"2690,27","2690,27",12,"2035,2","2035,2",4,22000,"7333,33333333333",6,"451,67","225,835"
EV 217,185,6,18,"100,7","906,3",0,0,0,0,0,0,0,0,0,0,0,0,0,0,0,0,0,0,0,0,0,0,0,0,0,0,0,0,0,0,0,0,2,128,"89,5","1909,33333333333",2,7,"89,6","104,533333333333",2,"0,5","89,5","7,45833333333333",0,0,0,0,2,70,"89,5","1044,16666666667",0,0,0,0,0,0,0,0,0,0,0,0,0,0,0,0,1,40,"83,9","279,666666666667",0,0,0,0,0,0,0,0,0,0,0,0,0,0,0,0,0,0,0,0,0,0,0,0,1,55,69,"316,25",30,3,"123,1","923,25",12,"2690,27","2690,27",12,"2035,2","2035,2",4,22000,"7333,33333333333",6,"451,67","225,835"
EV 218,185,6,18,"100,7","906,3",0,0,0,0,0,0,0,0,0,0,0,0,0,0,0,0,0,0,0,0,0,0,0,0,0,0,0,0,0,0,0,0,2,128,"89,5","1909,33333333333",2,7,"89,6","104,533333333333",2,"0,5","89,5","7,45833333333333",0,0,0,0,2,70,"89,5","1044,16666666667",0,0,0,0,0,0,0,0,0,0,0,0,0,0,0,0,1,40,"83,9","279,666666666667",0,0,0,0,0,0,0,0,0,0,0,0,0,0,0,0,0,0,0,0,0,0,0,0,1,55,69,"316,25",30,3,"123,1","923,25",12,"2690,27","2690,27",12,"2035,2","2035,2",4,22000,"7333,33333333333",6,"451,67","225,835"
EV 219,185,6,18,"100,7","906,3",0,0,0,0,0,0,0,0,0,0,0,0,0,0,0,0,0,0,0,0,0,0,0,0,0,0,0,0,0,0,0,0,2,128,"89,5","1909,33333333333",2,7,"89,6","104,533333333333",2,"0,5","89,5","7,45833333333333",0,0,0,0,2,70,"89,5","1044,16666666667",0,0,0,0,0,0,0,0,0,0,0,0,0,0,0,0,1,40,"83,9","279,666666666667",0,0,0,0,0,0,0,0,0,0,0,0,0,0,0,0,0,0,0,0,0,0,0,0,1,55,69,"316,25",30,3,"123,1","923,25",12,"2690,27","2690,27",12,"2035,2","2035,2",4,22000,"7333,33333333333",6,"451,67","225,835"
EV 313,196,6,30,"100,7","1510,5",0,0,0,0,0,0,0,0,0,0,0,0,0,0,0,0,0,0,0,0,0,0,0,0,0,0,0,0,0,0,0,0,0,0,0,0,0,0,0,0,0,0,0,0,0,0,0,0,2,40,"89,5","596,666666666667",2,30,"89,5","447,5",0,0,0,0,0,0,0,0,2,32,"89,5","477,333333333333",1,43,"83,91","300,6775",0,0,0,0,0,0,0,0,0,0,0,0,0,0,0,0,0,0,0,0,0,0,0,0,1,76,69,437,30,1,"123,09","307,725",12,"3095,3","3095,3",12,"2035,2","2035,2",4,22000,"7333,33333333333",6,"451,67","225,835"
EV 314,196,6,30,"100,7","1510,5",0,0,0,0,0,0,0,0,0,0,0,0,0,0,0,0,0,0,0,0,0,0,0,0,0,0,0,0,0,0,0,0,0,0,0,0,0,0,0,0,0,0,0,0,0,0,0,0,2,40,"89,5","596,666666666667",2,30,"89,5","447,5",0,0,0,0,0,0,0,0,2,32,"89,5","477,333333333333",1,43,"83,9","300,641666666667",0,0,0,0,0,0,0,0,0,0,0,0,0,0,0,0,0,0,0,0,0,0,0,0,1,76,69,437,30,1,"123,09","307,725",12,"3095,3","3095,3",12,"2035,2","2035,2",4,22000,"7333,33333333333",6,"451,67","225,835"
EV 318,196,6,0,"73,61",0,,,,0,,,,0,,,,0,,,,0,,0,,0,,0,,0,,0,,0,,0,,0,,0,,0,,0,,0,,0,,0,,0,,0,,,,,,0,,0,,0,,0,,0,,0,,0,,0,,0,,0,,0,,0,,0,,0,,0,,0,,0,,0,,0,,0,,0,,0,,89,,0,,5,,0,6,,0,6,,0,0,,0,6,,0
EV 319,196,6,"17,4","100,7","876,09",0,0,0,0,0,0,0,0,0,0,0,0,0,0,0,0,0,0,0,0,0,0,0,0,0,0,0,0,0,0,0,0,0,0,0,0,0,0,0,0,0,0,0,0,0,0,0,0,2,43,"89,5","641,416666666667",2,57,"89,5","850,25",0,0,0,0,0,0,0,0,2,53,"89,5","790,583333333333",1,36,"83,9","251,7",0,0,0,0,0,0,0,0,0,0,0,0,0,0,0,0,0,0,0,0,0,0,0,0,1,89,69,"511,75",30,1,"123,09","307,725",12,"4372,55","4372,55",12,"1645,21","1645,21",4,22000,"7333,33333333333",6,"494,7","247,35"
EV 320,196,6,30,"100,7","1510,5",0,0,0,0,0,0,0,0,0,0,0,0,0,0,0,0,0,0,0,0,0,0,0,0,0,0,0,0,0,0,0,0,0,0,0,0,0,0,0,0,0,0,0,0,0,0,0,0,2,34,"89,5","507,166666666667",2,36,"89,5",537,0,0,0,0,0,0,0,0,2,36,"89,5",537,1,42,"83,9","293,65",0,0,0,0,0,0,0,0,0,0,0,0,0,0,0,0,0,0,0,0,0,0,0,0,1,110,69,"632,5",30,1,"123,09","307,725",12,"2690,27","2690,27",12,"2035,2","2035,2",4,22000,"7333,33333333333",6,"451,67","225,835"
EV 321,196,6,30,"100,7","1510,5",0,0,0,0,0,0,0,0,0,0,0,0,0,0,0,0,0,0,0,0,0,0,0,0,0,0,0,0,0,0,0,0,0,0,0,0,0,0,0,0,0,0,0,0,0,0,0,0,2,34,"89,5","507,166666666667",2,36,"89,5",537,0,0,0,0,0,0,0,0,2,36,"89,5",537,1,42,"83,9","293,65",0,0,0,0,0,0,0,0,0,0,0,0,0,0,0,0,0,0,0,0,0,0,0,0,1,135,69,"776,25",30,1,"123,09","307,725",12,"2690,27","2690,27",12,"2035,2","2035,2",4,22000,"7333,33333333333",6,"451,67","225,835"
EV 322,196,6,45,"73,61",0,,0,,0,,0,,0,,0,,0,,0,,0,,0,,0,,0,,0,,0,,0,,0,,0,,0,,0,,0,,0,,0,,0,,0,,0,,,,,,0,,0,,0,,0,,0,,0,,0,,0,,0,,0,,0,,0,,0,,0,,0,,0,,0,,0,,0,,0,,135,,0,,138,,0,,5,,0,6,,0,6,,0,0,,0,6,,0
EV 323,196,6,45,"73,61",0,,0,,0,,0,,0,,0,,0,,0,,0,,0,,0,,0,,0,,0,,0,,0,,0,,0,,0,,0,,0,,0,,0,,0,,0,,,,,,0,,0,,0,,0,,0,,0,,0,,0,,0,,0,,0,,0,,0,,0,,0,,0,,0,,0,,0,,0,,135,,0,,138,,0,,5,,0,6,,0,6,,0,0,,0,6,,0
EV 411,134,6,"25,4","73,61",0,,0,,0,,0,,0,,0,,0,,0,,0,,0,,0,,0,,0,,0,,0,,0,,0,,0,,0,,0,,0,,0,,0,,0,,0,,,,,,0,,0,,0,,0,,0,,0,,0,,0,,0,,0,,0,,0,,0,,0,,0,,0,,0,,0,,0,,0,,138,,0,,138,,0,,5,,0,12,"2285,1","2285,1",13,"746,48","808,686666666667",4,22000,"7333,33333333333",6,"451,7","225,85"
EV 413,134,6,28,"100,7","1409,8",2,"21,6","89,49","322,164",2,8,"89,5","119,333333333333",0,0,0,0,0,0,0,0,0,0,0,0,0,0,0,0,0,0,0,0,0,0,0,0,0,0,0,0,0,0,0,0,0,0,0,0,0,0,0,0,0,0,0,0,0,0,0,0,0,0,0,0,0,0,0,0,0,0,0,0,1,"31,5","83,9","220,2375",0,0,0,0,0,8,0,0,2,16,"89,5","238,666666666667",0,0,0,0,0,0,0,0,0,0,0,0,1,138,69,"793,5",30,3,"123,1","923,25",12,"3454,99","3454,99",13,"1569,08","1699,83666666667",4,22000,"7333,33333333333",6,"318,3","159,15"
EV 414,134,6,30,"100,7","1510,5",2,22,"89,49","328,13",2,8,"89,5","119,333333333333",0,0,0,0,0,0,0,0,0,0,0,0,0,0,0,0,0,0,0,0,0,0,0,0,0,0,0,0,0,0,0,0,0,0,0,0,0,0,0,0,0,0,0,0,0,0,0,0,0,0,0,0,0,0,0,0,0,0,0,0,1,"26,5","83,9","185,279166666667",0,0,0,0,0,8,0,0,2,16,"89,5","238,666666666667",0,0,0,0,0,0,0,0,0,0,0,0,1,138,69,"793,5",30,3,"123,1","923,25",12,"3131,27","3131,27",13,"1569,08","1699,83666666667",4,22000,"7333,33333333333",6,"318,3","159,15"
EV 415,134,6,30,"100,7","1510,5",2,22,"89,49","328,13",2,8,"89,5","119,333333333333",0,0,0,0,0,0,0,0,0,0,0,0,0,0,0,0,0,0,0,0,0,0,0,0,0,0,0,0,0,0,0,0,0,0,0,0,0,0,0,0,0,0,0,0,0,0,0,0,0,0,0,0,0,0,0,0,0,0,0,0,1,"26,5","83,9","185,279166666667",0,0,0,0,0,8,0,0,2,16,"89,5","238,666666666667",0,0,0,0,0,0,0,0,0,0,0,0,1,138,69,"793,5",30,3,"123,1","923,25",12,"3131,27","3131,27",13,"1569,08","1699,83666666667",4,22000,"7333,33333333333",6,"318,3","159,15"
EV 416,134,6,30,"100,7","1510,5",2,22,"89,49","328,13",2,8,"89,5","119,333333333333",0,0,0,0,0,0,0,0,0,0,0,0,0,0,0,0,0,0,0,0,0,0,0,0,0,0,0,0,0,0,0,0,0,0,0,0,0,0,0,0,0,0,0,0,0,0,0,0,0,0,0,0,0,0,0,0,0,0,0,0,1,"26,5","83,9","185,279166666667",0,0,0,0,0,8,0,0,2,16,"89,5","238,666666666667",0,0,0,0,0,0,0,0,0,0,0,0,1,138,69,"793,5",30,3,"123,1","923,25",12,"3131,27","3131,27",13,"1569,08","1699,83666666667",4,22000,"7333,33333333333",6,"318,3","159,15"
EV 417,134,6,30,"100,7","1510,5",2,22,"89,49","328,13",2,8,"89,5","119,333333333333",0,0,0,0,0,0,0,0,0,0,0,0,0,0,0,0,0,0,0,0,0,0,0,0,0,0,0,0,0,0,0,0,0,0,0,0,0,0,0,0,0,0,0,0,0,0,0,0,0,0,0,0,0,0,0,0,0,0,0,0,1,"26,5","83,9","185,279166666667",0,0,0,0,0,8,0,0,2,16,"89,5","238,666666666667",0,0,0,0,0,0,0,0,0,0,0,0,1,138,69,"793,5",30,3,"123,1","923,25",12,"3131,27","3131,27",13,"1569,08","1699,83666666667",4,22000,"7333,33333333333",6,"318,3","159,15"
EV 418,135,6,35,"73,61",0,,11,,0,,5,,0,,0,,0,,0,,0,,0,,0,,0,,0,,0,,0,,0,,0,,0,,0,,0,,0,,0,,0,,0,,0,,,,,,0,,0,,0,,0,,0,,0,,0,,0,,45,,0,,0,,0,,"5,5",,0,,"5,5",,0,,0,,0,,0,,0,,210,,0,,40,,0,,5,,0,6,,0,6,,0,0,,0,6,,0
EV 419,136,6,24,"73,61","883,32",,9,,0,,5,,0,,0,,0,,0,,0,,0,,0,,0,,0,,0,,0,,0,,0,,0,,0,,0,,0,,0,,0,,0,,0,,,,,,0,,0,,0,,0,,0,,0,,0,,0,,35,,0,,0,,0,,"5,8",,0,,"5,8",,0,,0,,0,,0,,0,,180,,0,,40,,0,,5,,0,6,,0,6,,0,0,,0,6,,0
EV 420,137,6,"15,3","73,61","563,1165",,7,,0,,"2,5",,0,,0,,0,,0,,0,,0,,0,,0,,0,,0,,0,,0,,0,,0,,0,,0,,0,,0,,0,,0,,0,,,,,,"10,5",,0,,"10,5",,0,,"10,5",,0,,"10,5",,0,,24,,0,,0,,0,,"2,5",,0,,0,,0,,0,,0,,0,,0,,124,,0,,40,,0,,5,,0,6,,0,6,,0,0,,0,6,,0
EV 506,75,6,"7,2","100,7","362,52",0,0,0,0,0,0,0,0,0,0,0,0,0,0,0,0,0,0,0,0,0,0,0,0,0,0,0,0,0,0,0,0,0,0,0,0,0,0,0,0,0,0,0,0,2,11,"89,5","164,083333333333",2,"18,5","89,5","275,958333333333",0,0,0,0,0,0,0,0,0,0,0,0,2,"16,5","89,5","246,125",1,"25,5","83,91","178,30875",0,0,0,0,2,"1,6","89,5","23,8666666666667",2,"1,6","89,5","23,8666666666667",2,"0,7","159,18","18,571",2,"0,7","159,18","18,571",0,0,0,0,1,40,69,230,30,3,"123,09","923,175",12,"5427,11","5427,11",12,"1410,21","1410,21",4,12000,4000,6,"268,29","134,145"
EV 509,75,6,"7,2","100,7","362,52",0,0,0,0,0,0,0,0,0,0,0,0,0,0,0,0,0,0,0,0,0,0,0,0,0,0,0,0,0,0,0,0,0,0,0,0,0,0,0,0,0,0,0,0,2,11,"89,5","164,083333333333",2,"18,5","89,5","275,958333333333",0,0,0,0,0,0,0,0,0,0,0,0,2,"16,5","89,5","246,125",1,"25,5","83,9","178,2875",0,0,0,0,2,"1,6","89,5","23,8666666666667",2,"1,6","89,5","23,8666666666667",2,"0,7","159,18","18,571",2,"0,7","159,18","18,571",0,0,0,0,1,40,69,230,30,3,"123,1","923,25",12,"5427,11","5427,11",12,"1410,21","1410,21",4,12000,4000,6,"268,29","134,145"
EV 510,75,6,"7,2","100,7","362,52",0,0,0,0,0,0,0,0,0,0,0,0,0,0,0,0,0,0,0,0,0,0,0,0,0,0,0,0,0,0,0,0,0,0,0,0,0,0,0,0,0,0,0,0,2,11,"89,5","164,083333333333",2,"18,5","89,5","275,958333333333",0,0,0,0,0,0,0,0,0,0,0,0,2,"16,5","89,5","246,125",1,"25,5","83,9","178,2875",0,0,0,0,2,"1,6","89,5","23,8666666666667",2,"1,6","89,5","23,8666666666667",2,"0,7","159,18","18,571",2,"0,7","159,18","18,571",0,0,0,0,1,40,69,230,30,3,"123,1","923,25",12,"5427,11","5427,11",12,"1410,21","1410,21",4,12000,4000,6,"268,29","134,145"
EV 511,75,6,"7,2","100,7","362,52",0,0,0,0,0,0,0,0,0,0,0,0,0,0,0,0,0,0,0,0,0,0,0,0,0,0,0,0,0,0,0,0,0,0,0,0,0,0,0,0,0,0,0,0,2,11,"89,5","164,083333333333",2,"18,5","89,5","275,958333333333",0,0,0,0,0,0,0,0,0,0,0,0,2,"16,5","89,5","246,125",1,"25,5","83,9","178,2875",0,0,0,0,2,"1,6","89,5","23,8666666666667",2,"1,6","89,5","23,8666666666667",2,"0,7","159,18","18,571",2,"0,7","159,18","18,571",0,0,0,0,1,40,69,230,30,3,"123,1","923,25",12,"5427,11","5427,11",12,"1410,21","1410,21",4,12000,4000,6,"268,29","134,145"
EV 512,75,6,"7,2","100,7","362,52",0,0,0,0,0,0,0,0,0,0,0,0,0,0,0,0,0,0,0,0,0,0,0,0,0,0,0,0,0,0,0,0,0,0,0,0,0,0,0,0,0,0,0,0,2,11,"89,5","164,083333333333",2,"18,5","89,5","275,958333333333",0,0,0,0,0,0,0,0,0,0,0,0,2,"16,5","89,5","246,125",1,"25,5","83,9","178,2875",0,0,0,0,2,"1,6","89,5","23,8666666666667",2,"1,6","89,5","23,8666666666667",2,"0,7","159,18","18,571",2,"0,7","159,18","18,571",0,0,0,0,1,40,69,230,30,3,"123,1","923,25",12,"5427,11","5427,11",12,"1410,21","1410,21",4,12000,4000,6,"268,29","134,145"
EV 513,75,6,"7,2","100,7","362,52",0,0,0,0,0,0,0,0,0,0,0,0,0,0,0,0,0,0,0,0,0,0,0,0,0,0,0,0,0,0,0,0,0,0,0,0,0,0,0,0,0,0,0,0,2,11,"89,5","164,083333333333",2,"18,5","89,5","275,958333333333",0,0,0,0,0,0,0,0,0,0,0,0,2,"16,5","89,5","246,125",1,"25,5","83,9","178,2875",0,0,0,0,2,"1,6","89,5","23,8666666666667",2,"1,6","89,5","23,8666666666667",2,"0,7","159,18","18,571",2,"0,7","159,18","18,571",0,0,0,0,1,40,69,230,30,3,"123,1","923,25",12,"5427,11","5427,11",12,"1410,21","1410,21",4,12000,4000,6,"268,29","134,145"
EV 514,75,6,"7,2","100,7","362,52",0,0,0,0,0,0,0,0,0,0,0,0,0,0,0,0,0,0,0,0,0,0,0,0,0,0,0,0,0,0,0,0,0,0,0,0,0,0,0,0,0,0,0,0,2,11,"89,5","164,083333333333",2,"18,5","89,5","275,958333333333",0,0,0,0,0,0,0,0,0,0,0,0,2,"16,5","89,5","246,125",1,"25,5","83,9","178,2875",0,0,0,0,2,"1,6","89,5","23,8666666666667",2,"1,6","89,5","23,8666666666667",2,"0,7","159,18","18,571",2,"0,7","159,18","18,571",0,0,0,0,1,40,69,230,30,3,"123,1","923,25",12,"5427,11","5427,11",12,"1410,21","1410,21",4,12000,4000,6,"268,29","134,145"
EV 515,75,6,"7,2","73,61","264,996",,0,,0,,0,,0,,"18,5",,0,,"18,5",,0,,0,,0,,0,,0,,0,,0,,0,,0,,0,,0,,0,,0,,0,,0,,0,,0,,,,,,"16,5",,0,,"16,5",,0,,"16,5",,0,,"16,5",,0,,"25,5",,0,,0,,0,,"1,6",,0,,"1,6",,0,,"0,7",,0,,"0,7",,0,,40,,0,,,,,,5,,0,6,,0,6,,0,0,,0,6,,0
EV 516,75,6,"7,2","73,61","264,996",,0,,0,,0,,0,,"18,5",,0,,"18,5",,0,,0,,0,,0,,0,,0,,0,,0,,0,,0,,0,,0,,0,,0,,0,,0,,0,,,,,,"16,5",,0,,"16,5",,0,,"16,5",,0,,"16,5",,0,,"25,5",,0,,0,,0,,"1,6",,0,,"1,6",,0,,"0,7",,0,,"0,7",,0,,40,,0,,,,,,5,,0,6,,0,6,,0,0,,0,6,,0
EV 605,129,4,9,"73,61","220,83",,0,,0,,0,,0,,0,,0,,0,,0,,0,,0,,0,,0,,0,,0,,0,,0,,0,,0,,0,,0,,0,,0,,0,,0,,,,,,0,,0,,0,,0,,0,,0,,0,,0,,27,,0,,0,,0,,0,,0,,0,,0,,0,,0,,0,,0,,32,,0,,,,,,5,,0,4,,0,4,,0,0,,0,4,,0
EV 607,132,4,9,"73,61","220,83",,0,,0,,0,,0,,0,,0,,0,,0,,0,,0,,0,,0,,0,,0,,0,,0,,0,,0,,0,,0,,0,,0,,0,,0,,,,,,0,,0,,0,,0,,0,,0,,0,,0,,0,,0,,0,,0,,0,,0,,0,,0,,0,,0,,0,,0,,32,,0,,,,,,5,,0,4,,0,4,,0,0,,0,4,,0
EV 608,132,4,9,"73,61","220,83",,0,,0,,0,,0,,0,,0,,0,,0,,0,,0,,0,,0,,0,,0,,0,,0,,0,,0,,0,,0,,0,,0,,0,,0,,,,,,0,,0,,0,,0,,0,,0,,0,,0,,0,,0,,0,,0,,0,,0,,0,,0,,0,,0,,0,,0,,32,,0,,,,,,5,,0,4,,0,4,,0,0,,0,4,,0
EV 610,132,4,9,"73,61","220,83",,0,,0,,0,,0,,0,,0,,0,,0,,0,,0,,0,,0,,0,,0,,0,,0,,0,,0,,0,,0,,0,,0,,0,,0,,,,,,0,,0,,0,,0,,0,,0,,0,,0,,0,,0,,0,,0,,0,,0,,0,,0,,0,,0,,0,,0,,32,,0,,,,,,5,,0,4,,0,4,,0,0,,0,4,,0
EV 611,132,4,9,"73,61","220,83",,0,,0,,0,,0,,0,,0,,0,,0,,0,,0,,0,,0,,0,,0,,0,,0,,0,,0,,0,,0,,0,,0,,0,,0,,,,,,0,,0,,0,,0,,0,,0,,0,,0,,0,,0,,0,,0,,0,,0,,0,,0,,0,,0,,0,,0,,32,,0,,,,,,5,,0,4,,0,4,,0,0,,0,4,,0
EV 705,80,4,"8,5","73,61","208,561666666667",,0,,0,,0,,0,,25,,0,,25,,0,,0,,0,,0,,0,,0,,0,,0,,0,,0,,0,,0,,0,,0,,0,,0,,0,,,,,,0,,0,,0,,0,,0,,0,,0,,0,,0,,0,,0,,0,,0,,0,,0,,0,,0,,0,,0,,0,,12,,0,,,,,,5,,0,4,,0,4,,0,0,,0,4,,0
EV 706,253,4,"11,7","73,61","287,079",,0,,0,,0,,0,,32,,0,,32,,0,,0,,0,,0,,0,,0,,0,,0,,0,,0,,0,,0,,0,,0,,0,,0,,0,,,,,,0,,0,,"8,5",,0,,"8,5",,0,,"8,5",,0,,11,,0,,"0,5",,0,,0,,0,,"2,12",,0,,0,,0,,0,,0,,0,,0,,,,,,5,,0,4,,0,4,,0,0,,0,4,,0
EV 707,253,4,"11,7","73,61","287,079",,0,,0,,0,,0,,32,,0,,32,,0,,0,,0,,0,,0,,0,,0,,0,,0,,0,,0,,0,,0,,0,,0,,0,,0,,,,,,0,,0,,"8,5",,0,,"8,5",,0,,"8,5",,0,,11,,0,,"0,5",,0,,0,,0,,"2,12",,0,,0,,0,,0,,0,,0,,0,,,,,,5,,0,4,,0,4,,0,0,,0,4,,0
EV 708,175,4,26,"73,61","637,953333333333",,0,,0,,0,,0,,38,,0,,38,,0,,0,,0,,0,,0,,0,,0,,0,,0,,0,,0,,0,,0,,0,,0,,0,,0,,,,,,10,,0,,20,,0,,20,,0,,20,,0,,"26,5",,0,,0,,0,,"4,1",,0,,"4,1",,0,,0,,0,,0,,0,,50,,0,,,,,,5,,0,4,,0,4,,0,0,,0,4,,0
EV 709,175,4,26,"73,61","637,953333333333",,0,,0,,0,,0,,38,,0,,38,,0,,0,,0,,0,,0,,0,,0,,0,,0,,0,,0,,0,,0,,0,,0,,0,,0,,,,,,10,,0,,20,,0,,20,,0,,20,,0,,"26,5",,0,,0,,0,,"4,1",,0,,"4,1",,0,,0,,0,,0,,0,,50,,0,,,,,,5,,0,4,,0,4,,0,0,,0,4,,0
EV 710,156,4,26,"73,61","637,953333333333",,0,,0,,0,,0,,38,,0,,38,,0,,0,,0,,0,,0,,0,,0,,0,,0,,0,,0,,0,,0,,0,,0,,0,,0,,,,,,10,,0,,20,,0,,20,,0,,20,,0,,"26,5",,0,,0,,0,,"4,1",,0,,"4,1",,0,,0,,0,,0,,0,,50,,0,,,,,,5,,0,4,,0,4,,0,0,,0,4,,0
EV 711,156,4,26,"73,61","637,953333333333",,0,,0,,0,,0,,38,,0,,38,,0,,0,,0,,0,,0,,0,,0,,0,,0,,0,,0,,0,,0,,0,,0,,0,,0,,,,,,10,,0,,20,,0,,20,,0,,20,,0,,"26,5",,0,,0,,0,,"4,1",,0,,"4,1",,0,,0,,0,,0,,0,,50,,0,,,,,,5,,0,4,,0,4,,0,0,,0,4,,0
